func_addr	func	call_addr	object	vtable_offset	const_args
10011679	FUN_10011679	10011681	*(param0/this)	0x8	
10011689	FUN_10011689	100116a7	*(param0/this)	0xC	
100116b1	FUN_100116b1	100116b6	*(param0/this)	0x10	
100117dd	FUN_100117dd	10011840	*(param1)	0x10	
100117dd	FUN_100117dd	10011848	*(param0/this)	0x10	
10011853	FUN_10011853	100118b6	*(param1)	0x10	
10011853	FUN_10011853	100118be	*(param0/this)	0x10	
100118c9	FUN_100118c9	10011a4a	*(phi(*(EBP+0x8)))	0x10	
100118c9	FUN_100118c9	10011a52	*(indirect(...))	0x10	
10018925	FUN_10018925	1001893b	param0/this	0xC	
10018942	FUN_10018942	1001895e	param0/this	0xC	
10020ba1	FUN_10020ba1	10020bb0	*(param0/this)	0x98	
10020bba	FUN_10020bba	10020bd3	*(param0/this+0x8)	0x6C	
10020bda	FUN_10020bda	10020be9	*(param0/this+0x8)	0x68	
10020c49	FUN_10020c49	10020c75	*(indirect(...)+0x4)	0x10	
10020cf7	render_t::GetInfo	10020d21	*(indirect(...))	0xC0	
10020e61	FUN_10020e61	10020e8a	*(indirect(...)+0x8)	0x50	
10020f0f	FUN_10020f0f	10020f41	*(indirect(...)+0x8)	0x54	
10020fc6	FUN_10020fc6	10020fef	*(indirect(...)+0x8)	0x0	
10021073	FUN_10021073	1002109e	*(indirect(...)+0x8)	0x2C	
10021134	FUN_10021134	1002115b	*(indirect(...))	0xC	
100211ef	FUN_100211ef	10021218	*(indirect(...)+0x8)	0x34	
1002129d	FUN_1002129d	100212bc	*(indirect(...)+0x8)	0x28	
1002133f	render_t::RestoreDisplayMode	1002135e	*(indirect(...)+0x8)	0x4C	
100213e1	render_t::CreatePalette	10021410	*(indirect(...)+0x8)	0x14	
10021495	FUN_10021495	100214bc	*(indirect(...))	0x10	
10021815	render_t::SetLight	10021844	*(indirect(...))	0x48	
100218be	FUN_100218be	100218f1	*(indirect(...))	0xB0	
10021971	FUN_10021971	100219b4	*(indirect(...))	0x80	0=0x4,6=0x0
10021aaa	render_t::RenderLineList	10021af2	*(indirect(...))	0x80	0=0x2,6=0x0
10021bc9	FUN_10021bc9	10021c0c	*(indirect(...))	0x80	0=0x6,6=0x0
10021d05	FUN_10021d05	10021d48	*(indirect(...))	0x80	0=0x5,6=0x0
10021e41	render_t::RenderTriangleList	10021ef4	*(indirect(...))	0x68	0=0x4,6=0x0
10021fc8	render_t::RenderLineList	1002207b	*(indirect(...))	0x68	0=0x2,6=0x0
1002214f	render_t::RenderTriangleFan	10022202	*(indirect(...))	0x68	0=0x6,6=0x0
1002245d	FUN_1002245d	1002249a	*(indirect(...))	0x7C	0=0x4,4=0x0
1002258a	FUN_1002258a	100225cc	*(indirect(...))	0x7C	0=0x2,4=0x0
100226a0	FUN_100226a0	100226e2	*(indirect(...))	0x7C	0=0x3,4=0x0
100227b6	render_t::RenderPointList	100227f8	*(indirect(...))	0x7C	0=0x1,4=0x0
100228cc	FUN_100228cc	1002290e	*(indirect(...))	0x7C	0=0x6,4=0x0
100229e2	FUN_100229e2	10022a1f	*(indirect(...))	0x7C	0=0x5,4=0x0
10022af3	render_t::RenderTriangleList	10022b9a	*(indirect(...))	0x64	0=0x4,4=0x0
10022c6e	render_t::RenderLineList	10022d15	*(indirect(...))	0x64	0=0x2,4=0x0
10022de9	FUN_10022de9	10022e90	*(indirect(...))	0x64	0=0x3,4=0x0
10022f64	FUN_10022f64	1002300b	*(indirect(...))	0x64	0=0x1,4=0x0
100230df	render_t::RenderTriangleFan	10023186	*(indirect(...))	0x64	0=0x6,4=0x0
10023276	render_t::RenderTriangleStrip	1002331d	*(indirect(...))	0x64	0=0x5,4=0x0
100233f1	FUN_100233f1	1002340d	*(param0/this)	0x14	
1002341e	FUN_1002341e	10023427	*(param0/this)	0x18	
100234d8	render_t::GetViewport	100234f8	*(indirect(...))	0x3C	
10023572	FUN_10023572	10023592	*(indirect(...))	0x34	
10023617	render_t::CreateClipper	10023643	*(indirect(...)+0x8)	0x10	
100236c8	FUN_100236c8	100236e2	*(EBP+0x8)	0x70	
1002376a	FUN_1002376a	10023793	*(indirect(...)+0x8)	0x58	
1002382a	render_t::SetTransformMatrix	10023859	*(indirect(...))	0x2C	
100238d3	FUN_100238d3	10023902	*(indirect(...))	0x30	
1002397c	FUN_1002397c	100239af	*(indirect(...))	0x50	
10023a2c	FUN_10023a2c	10023a5f	*(indirect(...))	0x54	
10023adc	FUN_10023adc	10023b12	*(indirect(...))	0x94	
10023b92	FUN_10023b92	10023bc8	*(indirect(...))	0x90	
10023c48	FUN_10023c48	10023c8a	*(indirect(...))	0x8C	
10023d0a	FUN_10023d0a	10023d36	*(indirect(...))	0x40	
10023dbc	render_t::RestoreAllSurfaces	10023dc8	*(param0/this[0x8])	0x64	
10023dcc	render_t::CreateSurface	10023de8	*(param0/this[0x8])	0x18	
10023def	FUN_10023def	10023dfe	param0/this	0x0	
10023e04	FUN_10023e04	10023e0d	param0/this	0x60	
10023e14	FUN_10023e14	10023e33	*(indirect(...)+0x4)	0x1C	
10023eb3	FUN_10023eb3	10023ed0	*(EBP+0x8)	0x30	
10023f58	render_t::LockTexture	10023f7b	*(EBP+0x8)	0x64	
10024003	render_t::UnlockTexture	1002401d	*(EBP+0x8)	0x80	
100240a8	FUN_100240a8	100240c2	*(EBP+0x8)	0xC	
1002414a	render_t::GetPixelFormat	10024164	*(EBP+0x8)	0x54	
100241ec	FUN_100241ec	10024206	*(EBP+0x8)	0x58	
1002428e	FUN_1002428e	100242b2	*(EBP+0x8)	0x2C	
1002434e	render_t::Blt	10024389	*(EBP+0x8)	0x14	
100244e6	FUN_100244e6	10024500	*(EBP+0x8)	0x68	
10024588	FUN_10024588	1002459f	*(EBP+0x8)	0x6C	
10024627	FUN_10024627	10024647	*(indirect(...))	0x24	
100246cc	FUN_100246cc	100246f3	*(indirect(...))	0x20	
10024778	FUN_10024778	100247bf	*(indirect(...))	0x28	
10024a77	render_t::CreateVertexBuffer	10024aa3	*(indirect(...)+0x4)	0x14	
10024b25	render_t::ProcessVertices	10024b76	*(*(*(EBP+0x8)))	0x14	
1002620a	surface_t::AddRefDXSurface	1002621c	*(param0/this)	0x4	
1002622d	surface_t::ReleaseDXSurface	10026245	*(param0/this)	0x8	
100415d8	FUN_100415d8	100415e3	&DAT_1017d314	0x8	
100415d8	FUN_100415d8	10041621	&DAT_1017d318	0x4	
100415d8	FUN_100415d8	1004162c	&DAT_1017d318	0x8	
100415d8	FUN_100415d8	10041637	&DAT_1017d318	0x8	
100415d8	FUN_100415d8	1004165b	&DAT_1017d2f0	0x8	
100435e3	FUN_100435e3	10043693	*(EBP+0xfffffff0)	0x20	0=0x0
100435e3	FUN_100435e3	100436b2	*(EBP+0xfffffff0)	0x8	
10043ce4	FUN_10043ce4	10043dea	*(EBP+0xfffffff0)	0x2C	1=0x0
10043ce4	FUN_10043ce4	10043dfb	*(EBP+0xfffffff0)	0x6C	1=0x0
10043ce4	FUN_10043ce4	10043e9c	*(EBP+0xfffffff0)	0x20	0=0x0,1=0x0
10043ce4	FUN_10043ce4	10043eb1	*(EBP+0xfffffff0)	0x0	
10043ce4	FUN_10043ce4	10043ec5	*(EBP+0x8)	0xC	
10043ce4	FUN_10043ce4	10043ece	*(EBP+0x8)	0x8	
10043ce4	FUN_10043ce4	10043ed7	*(EBP+0xfffffff0)	0x8	
1004749d	RTexture_t::UnlockRTexture	100474b6	*(param0/this[0x34])	0x8	
100476c8	RTexture_t::LockRTexture	1004771e	FUN_100473dd()	0x4	
1005a1c2	FUN_1005a1c2	1005a1f5	param1	0x4	
1005b46a	FUN_1005b46a	1005b607	*(EBP+0x10)	0x8	
1005b8ce	FUN_1005b8ce	1005b933	param1	0x18	
1006381d	FUN_1006381d	10063857	param0/this	0x0	
1006381d	FUN_1006381d	10063868	param0/this	0x8	
10063904	FUN_10063904	1006392a	param0/this	0x58	
10063942	FUN_10063942	100639a5	param1	0x4	
10063942	FUN_10063942	100639b9	param1	0x30	
10063942	FUN_10063942	100639d8	param1	0x8	
10063942	FUN_10063942	100639e8	param1	0x4	
100639f2	FUN_100639f2	10063a1a	param0/this	0x58	
100639f2	FUN_100639f2	10063a37	param0/this	0x4	
100639f2	FUN_100639f2	10063a4f	phi(param0/this)	0x30	
100639f2	FUN_100639f2	10063a6e	phi(param0/this)	0x8	
100639f2	FUN_100639f2	10063a84	phi(param0/this)	0x8	
10063a8f	FUN_10063a8f	10063b29	indirect(...)	0x8	
10063a8f	FUN_10063a8f	10063b75	param0/this	0xC	
10063a8f	FUN_10063a8f	10063bcc	phi(indirect(...))	0x2C	1=0x0
10063a8f	FUN_10063a8f	10063c8c	phi(phi(phi(indirect(...))))	0x30	
10063a8f	FUN_10063a8f	10063d4a	phi(phi(indirect(...)))	0x8	
10063df8	FUN_10063df8	10063e76	phi(indirect(...))	0x8	
10063df8	FUN_10063df8	10063ee8	indirect(...)	0x8	
10063df8	FUN_10063df8	10063f0c	param0/this	0xC	
10063df8	FUN_10063df8	10063f5f	indirect(...)	0x18	2=0x0
10063df8	FUN_10063df8	10063f73	indirect(...)	0x8	
10063df8	FUN_10063df8	10063f95	*(param6)	0xA0	2=0x14,3=0x0
10063df8	FUN_10063df8	10063fa6	*(param6)	0x8	
10063df8	FUN_10063df8	10063fbb	indirect(...)	0x8	
10063fca	FUN_10063fca	10064091	param2	0x8	
10063fca	FUN_10063fca	10064097	param6	0x8	
10063fca	FUN_10063fca	100640b5	param2	0x8	
10063fca	FUN_10063fca	10064105	param3	0xA4	
10063fca	FUN_10063fca	10064137	param3	0x58	
10063fca	FUN_10063fca	10064146	param4	0x8	
10063fca	FUN_10063fca	100641c1	param1	0xA4	
10063fca	FUN_10063fca	1006421d	param4	0x58	
10063fca	FUN_10063fca	1006422a	param4	0x8	
10063fca	FUN_10063fca	100642c2	param4	0x8	
100642ce	FUN_100642ce	10064331	param1	0xA4	
100642ce	FUN_100642ce	1006435d	indirect(...)	0x58	
100642ce	FUN_100642ce	10064431	phi(indirect(...))	0x8	
10064447	FUN_10064447	10064463	*(param0/this+0x8)	0x30	
10064917	FUN_10064917	10064936	*(indirect(...)+0x8)	0x8	
10064917	FUN_10064917	10064943	*(indirect(...)+0xc)	0x8	
10064968	FUN_10064968	100649de	*(param1+0x20)	0x4	
10064968	FUN_10064968	100649ea	*(param1+0x24)	0x4	
10064c78	FUN_10064c78	10064da7	param3	0x18	2=0x0
10064c78	FUN_10064c78	10064db8	param1	0x58	
10064c78	FUN_10064c78	10064dec	param3	0x14	0=0x4,3=0x0
10064c78	FUN_10064c78	10064dfc	param1	0x7C	
10064c78	FUN_10064c78	10064e14	param2	0x10	
10064c78	FUN_10064c78	10064e29	phi(indirect(...))	0x8	
10064c78	FUN_10064c78	10064e3a	param1	0x8	
10064c78	FUN_10064c78	10064e4b	phi(phi(phi(indirect(...))))	0x8	
10065680	FUN_10065680	1006568f	*(param0/this+0x7c)	0x4	
1006569d	FUN_1006569d	100656b1	*(param0/this+0x80)	0x4	
100656be	FUN_100656be	100656cd	*(param0/this+0x78)	0x4	
100656db	FUN_100656db	100656ef	*(param0/this+0x8c)	0x4	
100656fc	FUN_100656fc	10065710	*(param0/this+0xa0)	0x4	
1006576c	FUN_1006576c	10065786	*(param0/this+0x8c)	0x60	
1006576c	FUN_1006576c	10065792	*(param0/this+0x8c)	0x6C	
1006576c	FUN_1006576c	100657b2	*(*(param0/this+0x90))	0x60	
1006576c	FUN_1006576c	100657c0	*(*(param0/this+0x90))	0x6C	
1006576c	FUN_1006576c	100657d3	*(param0/this+0xa0)	0x60	
1006576c	FUN_1006576c	100657df	*(param0/this+0xa0)	0x6C	
100657e8	FUN_100657e8	1006584b	*(*(EBP+0x8)+0x8c)	0x2C	0=0x0
100657e8	FUN_100657e8	100658a2	*(*(EBP+0x8)+0x8c)	0x14	0=0x0,2=0x0,3=0x1000000,4=0x0
100657e8	FUN_100657e8	1006593f	*(*(EBP+0x8)+0x8c)	0x14	2=0x0,3=0x1000000,4=0x0
100657e8	FUN_100657e8	100659d2	*(*(*(EBP+0x8)+0x90))	0x44	
100657e8	FUN_100657e8	10065a7b	*(*(*(EBP+0x8)+0x90))	0x68	
10065ae2	FUN_10065ae2	10065b21	*(*(EBP+0x8)+0x78)	0x28	0=0x0,1=0x0
10065bd3	FUN_10065bd3	10065c09	*(param0/this+0x8c)	0x58	
10065bd3	FUN_10065bd3	10065cc4	*(param0/this+0x7c)	0x14	0=0x4,3=0x0
10065bd3	FUN_10065bd3	10065cec	*(*(param0/this+0x90)+int_mult(...))	0x7C	
10065bd3	FUN_10065bd3	10065d04	*(param0/this+0x8c)	0x7C	
10065d4d	FUN_10065d4d	10065d89	*(param0/this+0x78)	0x34	
10065dc7	FUN_10065dc7	10065e18	*(param0/this+0x7c)	0x6C	1=0x0
10065f37	FUN_10065f37	10065fe0	*(param0/this+0x7c)	0x18	2=0x0
10065f37	FUN_10065f37	10065fff	*(param0/this+0x94)	0xC	
10065f37	FUN_10065f37	10066011	*(param0/this+0xa0)	0x8	
10066050	FUN_10066050	10066077	*(param0/this+0x94)	0x60	
10066050	FUN_10066050	1006608d	*(param0/this+0x94)	0x20	0=0x0
10066050	FUN_10066050	100660d5	*(param0/this+0xa0)	0x8	
10066050	FUN_10066050	100660fb	*(*(param0/this+0x90))	0x8	
10066050	FUN_10066050	10066124	*(param0/this+0x8c)	0x8	
10066050	FUN_10066050	10066138	*(param0/this+0x84)	0x8	
10066050	FUN_10066050	1006614c	*(param0/this+0x88)	0x8	
1006617f	FUN_1006617f	100661d2	param1	0x24	
100662b1	FUN_100662b1	100662db	*(param0/this+0x7c)	0x30	
100662f0	FUN_100662f0	10066323	*(indirect(...)[0x1f])	0x4C	
100662f0	FUN_100662f0	10066350	*(indirect(...)[0x22])	0x8	
100662f0	FUN_100662f0	10066364	*(indirect(...)[0x21])	0x8	
100662f0	FUN_100662f0	10066373	*(indirect(...)[0x1e])	0x8	
100662f0	FUN_100662f0	10066388	*(indirect(...)[0x20])	0x8	
100662f0	FUN_100662f0	10066397	*(indirect(...)[0x1f])	0x8	
100663c2	FUN_100663c2	1006643e	*(EBP+0x8)	0x4	
100664a2	FUN_100664a2	10066544	*(*(EBP+0x8)+0x94)	0x44	
100664a2	FUN_100664a2	1006661f	*(*(EBP+0x8)+0x94)	0x68	
1006676f	FUN_1006676f	100667b4	*(param0/this+0x7c)	0x10	0=0x0,2=0x0
1006676f	FUN_1006676f	100667d3	*(param0/this+0x88)	0x20	0=0x0
1006676f	FUN_1006676f	100667e5	*(param0/this+0x8c)	0x70	
1006676f	FUN_1006676f	1006685e	*(param0/this+0x7c)	0x18	2=0x0
100668cf	FUN_100668cf	1006694c	*(param0/this+0x7c)	0x18	2=0x0
10066a21	FUN_10066a21	10066aad	*(*(EBP+0x8)+0x94)	0x58	
10066a21	FUN_10066a21	10066ada	*(*(EBP+0x8)+0x7c)	0x18	2=0x0
10066a21	FUN_10066a21	10066b61	*(EBP+0x8)	0x7C	
10066a21	FUN_10066a21	10066bca	*(*(EBP+0x8)+0xa0)	0x58	
10066a21	FUN_10066a21	10066bf3	*(*(EBP+0x8)+0x7c)	0x18	2=0x0
10066a21	FUN_10066a21	10066c72	*(EBP+0x8)	0xC	
10066a21	FUN_10066a21	10066cb8	*(*(EBP+0x8)+0x78)	0x20	1=0x0
10066a21	FUN_10066a21	10066d17	*(*(EBP+0x8)+0x78)	0x20	1=0x0
10066a21	FUN_10066a21	10066d63	*(EBP+0xffffffec)	0x8	
10066a21	FUN_10066a21	10066d74	*(EBP+0x8)	0x8	
10066d7c	Catch@10066d7c	10066d86	*(EBP+0xffffffec)	0x8	
10066d7c	Catch@10066d7c	10066d93	*(EBP+0x8)	0x8	
10067462	FUN_10067462	100674f7	indirect(...)	0x50	0=0x0,1=0x8
10067462	FUN_10067462	10067513	indirect(...)	0x0	
10067462	FUN_10067462	1006757f	phi(indirect(...))	0x18	2=0x0
10067462	FUN_10067462	10067596	indirect(...)	0x58	
10067462	FUN_10067462	100675b0	indirect(...)	0x10	
10067462	FUN_10067462	100675d6	indirect(...)	0x18	
10067462	FUN_10067462	10067601	indirect(...)	0x10	
10067462	FUN_10067462	10067624	phi(indirect(...))	0x8	
10067462	FUN_10067462	10067631	phi(phi(indirect(...)))	0x8	
10067462	FUN_10067462	1006763e	phi(phi(phi(indirect(...))))	0x8	
10067462	FUN_10067462	1006764b	phi(phi(phi(phi(indirect(...)))))	0x8	
100676fc	FUN_100676fc	1006779b	indirect(...)	0x50	0=0x0,1=0x8
100676fc	FUN_100676fc	10067807	phi(indirect(...))	0x0	
100676fc	FUN_100676fc	10067822	indirect(...)	0x18	2=0x0
100676fc	FUN_100676fc	10067844	indirect(...)	0x2C	0=0x0
100676fc	FUN_100676fc	1006787a	phi(indirect(...))	0x10	
100676fc	FUN_100676fc	100678b3	phi(indirect(...))	0xC	
100676fc	FUN_100676fc	100678ca	indirect(...)	0x8	
100676fc	FUN_100676fc	1006790a	phi(phi(indirect(...)))	0x10	
100676fc	FUN_100676fc	10067943	phi(indirect(...))	0xC	
100676fc	FUN_100676fc	1006795a	indirect(...)	0x8	
100676fc	FUN_100676fc	1006799a	phi(phi(phi(indirect(...))))	0x10	
100676fc	FUN_100676fc	100679d3	phi(indirect(...))	0xC	
100676fc	FUN_100676fc	100679ea	indirect(...)	0x8	
100676fc	FUN_100676fc	10067aca	phi(indirect(...))	0x8	
100676fc	FUN_100676fc	10067ad7	phi(phi(indirect(...)))	0x8	
100676fc	FUN_100676fc	10067ae4	phi(phi(phi(indirect(...))))	0x8	
100676fc	FUN_100676fc	10067af1	phi(phi(phi(phi(indirect(...)))))	0x8	
10067b91	FUN_10067b91	10067b9e	*(param0/this+0x28)	0x4	
10067baa	FUN_10067baa	10067bb7	*(param0/this+0x28)	0x8	
10067bcc	FUN_10067bcc	10067be8	*(param0/this+0x20)	0x30	
10067def	FUN_10067def	10067e6e	*(param0/this+0x20)	0x50	1=0x80
10067def	FUN_10067def	10067e90	*(param0/this+0x20)	0x50	
10067ede	FUN_10067ede	10067f07	*(param0/this+0x20)	0x30	
10067ede	FUN_10067ede	10067f3b	*(param0/this+0x20)	0x54	
10067f80	FUN_10067f80	10068014	*(param0/this+0x20)	0x18	2=0x0
10068077	FUN_10068077	10068256	*(param0/this+0x20)	0x2C	1=0x0
10068077	FUN_10068077	100682b3	*(param0/this+0x20)	0x18	2=0x0
10068077	FUN_10068077	100682d3	*(param0/this+0x20)	0x18	2=0x0
10068077	FUN_10068077	100682eb	phi(indirect(...))	0x58	
10068077	FUN_10068077	1006832b	*(param0/this+0x20)	0x14	0=0x4,3=0x0
10068077	FUN_10068077	1006833f	indirect(...)	0x7C	
10068077	FUN_10068077	10068380	*(param0/this+0x24)	0x10	
10068077	FUN_10068077	100683bd	phi(indirect(...))	0xC	
10068077	FUN_10068077	100683fc	*(phi(indirect(...))+0x24)	0x18	
10068077	FUN_10068077	1006841a	indirect(...)	0x10	
10068077	FUN_10068077	1006845b	phi(phi(indirect(...)))	0x8	
10068077	FUN_10068077	10068474	*(param0/this+0x24)	0x10	
10068077	FUN_10068077	100684b8	*(param0/this+0x20)	0x4C	
10068077	FUN_10068077	100684f1	phi(phi(phi(phi(indirect(...)))))	0x8	
10068077	FUN_10068077	100684fe	phi(phi(phi(phi(phi(indirect(...))))))	0x8	
10068077	FUN_10068077	1006850b	phi(phi(phi(phi(phi(phi(?))))))	0x8	
10068077	FUN_10068077	1006856a	phi(indirect(...))	0xC	
10068077	FUN_10068077	100685a9	*(phi(indirect(...))+0x24)	0x18	
10068077	FUN_10068077	100685c3	indirect(...)	0x10	
10068077	FUN_10068077	100685e7	*(param0/this+0x20)	0x4C	
10068077	FUN_10068077	10068620	phi(indirect(...))	0x8	
10068077	FUN_10068077	1006862d	phi(phi(indirect(...)))	0x8	
10068077	FUN_10068077	1006863a	phi(phi(phi(indirect(...))))	0x8	
10068730	FUN_10068730	10068772	*(indirect(...)+0x24)	0x8	
10068730	FUN_10068730	10068786	*(indirect(...)+0x20)	0x8	
100687fc	FUN_100687fc	10068832	indirect(...)	0x50	0=0x0,1=0x8
100687fc	FUN_100687fc	1006884b	indirect(...)	0x6C	1=0x0
100687fc	FUN_100687fc	100688f0	indirect(...)	0x8	
100687fc	FUN_100687fc	10068906	*(phi(*(phi(*(?))))[0x8])	0x8	
100687fc	FUN_100687fc	10068955	phi(indirect(...))	0x20	0=0x1,1=0x0
100687fc	FUN_100687fc	10068978	indirect(...)	0x50	0=0x0,1=0x8
100687fc	FUN_100687fc	1006898e	*(phi(FUN_100687a8())+0x20)	0x0	
100687fc	FUN_100687fc	100689a2	*(phi(FUN_100687a8())+0x24)	0xC	
1006980a	FUN_1006980a	10069836	param0/this	0x10	
1006b533	FUN_1006b533	1006b55d	*(param0/this+0x4)	0xC	
1006b533	FUN_1006b533	1006b593	*(param0/this+0x4)	0x10	0=0x0,1=0x0
1006bb07	FUN_1006bb07	1006bb64	param1	0x64	2=0x801,3=0x0
1006bb07	FUN_1006bb07	1006bbb6	param1	0x50	
1006bbc7	FUN_1006bbc7	1006bbe2	*(param0/this)	0x80	
10079720	_com_error::_com_error	10079750	*(param1[0x8])	0x4	
10079760	_com_error::`scalar_deleting_destructor'	1007977b	*(param0/this[0x8])	0x8	
1007aea0	FUN_1007aea0	1007aecf	param0/this	0x0	
1007aea0	FUN_1007aea0	1007aef9	param0/this	0x0	
1007aea0	FUN_1007aea0	1007af2a	param0/this	0x0	
1007b5a0	FUN_1007b5a0	1007b5ca	param0/this	0x0	
1007cf60	FUN_1007cf60	1007cfdb	param0/this	0x0	
1007cf60	FUN_1007cf60	1007cfff	param0/this	0x0	
1007e820	FUN_1007e820	1007e982	param0/this	0x4	0=0xffffffff
1007eff0	FUN_1007eff0	1007f09b	param0/this	0x0	
1007eff0	FUN_1007eff0	1007f0f3	param0/this	0x4	0=0xffffffff
1007eff0	FUN_1007eff0	1007f140	param0/this	0x4	0=0xffffffff
1007f990	FUN_1007f990	1007fa20	param0/this	0x0	
1007f990	FUN_1007f990	1007fa65	param0/this	0x0	
1007f990	FUN_1007f990	1007fab6	param0/this	0x0	
1007fd00	FUN_1007fd00	1007fd14	param0/this	0x0	
10080080	FUN_10080080	100800d3	param0/this	0x0	
10080600	FUN_10080600	1008066f	param0/this	0x4	0=0x1
10080760	FUN_10080760	1008079a	param0/this	0x0	
100809b0	FUN_100809b0	10080a81	*(param0/this[0x4])	0x4	0=0xffffffff
10080ac0	FUN_10080ac0	10080aed	param0/this	0x0	
10080ac0	FUN_10080ac0	10080b2c	param0/this	0x0	
10080ac0	FUN_10080ac0	10080b87	param0/this	0x0	
10080ac0	FUN_10080ac0	10080c1a	param0/this	0x0	
10080ac0	FUN_10080ac0	10080d58	param0/this	0x0	
10080d70	FUN_10080d70	10080db7	param0/this	0x4	0=0xffffffff
10080ec0	FUN_10080ec0	10080f65	*(param2[0x4])	0x4	0=0xffffffff
10081430	FUN_10081430	10081460	param0/this	0x0	
10081430	FUN_10081430	1008148e	param0/this	0x0	
100814a0	FUN_100814a0	100814d0	param0/this	0x0	
100814a0	FUN_100814a0	100814fe	param0/this	0x0	
10081650	FUN_10081650	100816dd	param0/this	0x0	
10081d60	FUN_10081d60	10081d8b	param0/this	0x0	
10081fd0	FUN_10081fd0	10082002	param0/this	0x0	
10082100	FUN_10082100	10082134	param0/this	0x0	
10082100	FUN_10082100	1008215e	param0/this	0x0	
10082100	FUN_10082100	100821b8	param0/this	0x0	
10082100	FUN_10082100	10082233	param0/this	0x0	
10082250	FUN_10082250	10082281	param0/this	0x0	
10082250	FUN_10082250	100822b0	param0/this	0x0	
10082250	FUN_10082250	10082309	param0/this	0x0	
10082250	FUN_10082250	1008237e	param0/this	0x0	
100823a0	FUN_100823a0	100823d1	param0/this	0x0	
100823a0	FUN_100823a0	10082405	param0/this	0x0	
100823a0	FUN_100823a0	10082434	param0/this	0x0	
10082470	FUN_10082470	100824a2	param0/this	0x0	
10082470	FUN_10082470	100824d9	param0/this	0x0	
10082470	FUN_10082470	1008255e	param0/this	0x0	
100825c0	FUN_100825c0	100825e7	param0/this	0x0	
10082630	FUN_10082630	10082657	param0/this	0x0	
100826a0	FUN_100826a0	100826d3	param0/this	0x0	
10082750	FUN_10082750	10082780	param0/this	0x0	
10082800	FUN_10082800	10082909	param0/this	0x0	
10082800	FUN_10082800	100829c9	param0/this	0x0	
10082fe0	FUN_10082fe0	10083037	param0/this	0x0	
10082fe0	FUN_10082fe0	10083085	param0/this	0x0	
100830c0	FUN_100830c0	100830e3	param0/this	0x10	
100832b0	FUN_100832b0	100832d0	param0/this	0x8	
100832b0	FUN_100832b0	100832e4	param0/this	0x8	
100832f0	FUN_100832f0	10083309	param0/this	0xC	
10083340	FUN_10083340	1008334d	param0/this	0x8	
10083400	FUN_10083400	10083489	param0/this	0x0	
100834b0	FUN_100834b0	1008359f	param0/this	0x4	0=0xffffffff
100835d0	FUN_100835d0	10083656	param0/this	0x4	0=0x1
100839b0	FUN_100839b0	10083a23	param0/this	0x0	
100839b0	FUN_100839b0	10083a8b	param0/this	0x4	0=0x1
10084690	FUN_10084690	100846be	param0/this	0x4	0=0xffffffff
10084690	FUN_10084690	10084743	param0/this	0x4	0=0x4
10084690	FUN_10084690	10084857	param0/this	0x4	0=0xffffffff
100848b0	FUN_100848b0	10084908	param0/this	0x4	0=0x3
10084940	FUN_10084940	10084a36	param0/this	0x0	
10084940	FUN_10084940	10084b32	param0/this	0x4	0=0x1
10084940	FUN_10084940	10084b5f	param0/this	0x0	
10084940	FUN_10084940	10084ba5	param0/this	0x4	0=0x1
10084d00	FUN_10084d00	10084f17	param0/this	0x4	0=0x1
10084f70	FUN_10084f70	10085060	param0/this	0x0	
10085140	FUN_10085140	10085166	param0/this	0x0	
10085140	FUN_10085140	10085184	param0/this	0x4	0=0xffffffff
100852b0	FUN_100852b0	100853a3	param0/this	0x0	
100853b0	FUN_100853b0	100853e4	param0/this	0x0	
100853b0	FUN_100853b0	1008542b	param0/this	0x0	
10085770	FUN_10085770	1008579e	param0/this	0x0	
10085770	FUN_10085770	100857c5	param0/this	0x0	
10085820	FUN_10085820	10085854	param0/this	0x0	
10085820	FUN_10085820	1008587f	param0/this	0x0	
