module	callee	func_addr	call_addr	args
DisplaySystem.dll	RANDY31.DLL::render_t::RenderTriangleList	10038f5d	10039352	?,0x142,?,?,?,?,0x0
DisplaySystem.dll	RANDY31.DLL::render_t::RenderTriangleList	10042ac1	10042b47	?,0x142,?,?,?,?,0x0
DisplaySystem.dll	RANDY31.DLL::render_t::RenderTriangleList	10015f21	10016445	?,0x142,?,?,?,?,0x0
DisplaySystem.dll	RANDY31.DLL::render_t::RenderTriangleStrip	1002446e	10024853	?,0x142,?,0x4,0x0
DisplaySystem.dll	RANDY31.DLL::render_t::RenderTriangleStrip	1000cadc	1000cd80	?,0x142,?,?,0x0
DisplaySystem.dll	RANDY31.DLL::render_t::RenderTriangleList	10022d4f	10022e0f	?,0x142,?,?,?,?,0x0
DisplaySystem.dll	RANDY31.DLL::DynamicVB_c::GetVertices	1001e90e	1001eca0	?,?,?,?,?
DisplaySystem.dll	RANDY31.DLL::render_t::RenderTriangleFan	1001e90e	1001f046	?,?,?,?,?,?,0x0
DisplaySystem.dll	RANDY31.DLL::render_t::RenderTriangleStrip	1001e90e	1001f06c	?,?,?,?,?,?,0x0
DisplaySystem.dll	RANDY31.DLL::render_t::RenderTriangleList	1005a0d3	1005a37b	?,?,0x0,?,?,?,0x0
DisplaySystem.dll	RANDY31.DLL::render_t::RenderTriangleFan	10018141	10018172	?,0x1c2,?,?,0x0
DisplaySystem.dll	RANDY31.DLL::render_t::RenderTriangleStrip	10018141	10018194	?,0x1c2,?,?,0x0
DisplaySystem.dll	RANDY31.DLL::render_t::RenderTriangleStrip	100213bf	10021851	?,0x142,?,0x4,0x0
DisplaySystem.dll	RANDY31.DLL::render_t::RenderTriangleList	10018de7	100196c0	?,0x142,?,?,?,?,0x0
DisplaySystem.dll	RANDY31.DLL::render_t::RenderTriangleList	10067f40	10068031	?,0x152,?,?,?,?,0x0
DisplaySystem.dll	RANDY31.DLL::VertexBuffer_c::VertexBuffer_c	1006e399	1006e3ed	?,?,0x8,?
DisplaySystem.dll	RANDY31.DLL::render_t::RenderTriangleList	1006e60c	1006e6d8	?,?,0x0,?,?,?,0x0
DisplaySystem.dll	RANDY31.DLL::DynamicVB_c::GetVertices	10056c02	10056d74	?,?,?,?,?
DisplaySystem.dll	RANDY31.DLL::render_t::RenderTriangleStrip	10056c02	10056de5	?,?,?,?,?
DisplaySystem.dll	RANDY31.DLL::render_t::RenderTriangleFan	10030975	10030cc3	?,0x142,?,0x4,0x0,0x0,0x0
DisplaySystem.dll	RANDY31.DLL::render_t::RenderTriangleList	10026bc3	1002703c	?,0x142,?,?,?,?,0x0
DisplaySystem.dll	RANDY31.DLL::render_t::RenderTriangleStrip	10016b9e	10016c3f	?,0x142,?,?,0x0
DisplaySystem.dll	RANDY31.DLL::render_t::RenderTriangleList	10054e07	10055325	?,0x152,?,?,?,?,0x0
DisplaySystem.dll	RANDY31.DLL::render_t::RenderTriangleList	10054e07	10055389	?,0x142,?,?,?,?,0x0
DisplaySystem.dll	RANDY31.DLL::VertexBuffer_c::VertexBuffer_c	100384b3	10038512	?,0x212,0x8,?,?
DisplaySystem.dll	RANDY31.DLL::DynamicVB_c::GetVertices	1003bd92	1003be0e	?,?,?,?,?
DisplaySystem.dll	RANDY31.DLL::render_t::RenderTriangleList	1003bd92	1003be91	?,?,?,?,?,?,?
DisplaySystem.dll	RANDY31.DLL::render_t::RenderTriangleStrip	10011e31	1001208e	?,0x142,?,0x4,0x0
DisplaySystem.dll	RANDY31.DLL::DynamicVB_c::GetVertices	1006a013	1006a0c9	?,?,?,?,?
DisplaySystem.dll	RANDY31.DLL::render_t::RenderLineList	1006a013	1006a120	?,?,?,?,?,?,?
DisplaySystem.dll	RANDY31.DLL::render_t::RenderLineList	1006a013	1006a1a2	?,?,?,?,?,?,?
DisplaySystem.dll	RANDY31.DLL::render_t::RenderTriangleStrip	1000c3cc	1000c6a8	?,0x142,?,?,0x0
DisplaySystem.dll	RANDY31.DLL::render_t::RenderTriangleStrip	1002c918	1002d01b	?,0x142,?,?,0x0
DisplaySystem.dll	RANDY31.DLL::render_t::RenderTriangleFan	10006b90	10006f89	?,0x142,?,0x4,0x0,0x0,0x0
DisplaySystem.dll	RANDY31.DLL::DynamicVB_c::GetVertices	1005591b	10055aaa	?,?,?,?,?
DisplaySystem.dll	RANDY31.DLL::render_t::RenderTriangleStrip	1005591b	10055b3d	?,?,?,?,?
DisplaySystem.dll	RANDY31.DLL::render_t::RenderTriangleStrip	1001bbf2	1001bf90	?,0x142,?,?,0x0
DisplaySystem.dll	RANDY31.DLL::render_t::RenderTriangleList	1001c8a5	1001c933	?,0x142,?,?,?,?,0x0
DisplaySystem.dll	RANDY31.DLL::render_t::RenderTriangleList	1004b234	1004b315	?,0x142,?,?,?,?,0x0
DisplaySystem.dll	RANDY31.DLL::render_t::RenderTriangleList	1004b234	1004b3fc	?,0x142,?,?,?,?,0x0
DisplaySystem.dll	RANDY31.DLL::render_t::RenderTriangleList	100385b3	100385e3	?,?,?,?,?,?,0x0
DisplaySystem.dll	RANDY31.DLL::render_t::RenderTriangleList	100385b3	100385fd	?,?,?,?,0x0
DisplaySystem.dll	RANDY31.DLL::render_t::RenderTriangleList	100590fe	1005974f	?,0x104,?,?,?,?,0x0
DisplaySystem.dll	RANDY31.DLL::DynamicVB_c::GetVertices	100590fe	10059aa3	?,?,?,?,?
DisplaySystem.dll	RANDY31.DLL::render_t::RenderTriangleStrip	100590fe	10059ae6	?,?,?,?,?
DisplaySystem.dll	RANDY31.DLL::render_t::RenderTriangleList	1003b9c9	1003bd6c	?,?,0x0,?,?,?,0x0
DisplaySystem.dll	RANDY31.DLL::render_t::RenderTriangleStrip	10023ea4	10024181	?,0x142,?,0x4,0x0
DisplaySystem.dll	RANDY31.DLL::render_t::RenderTriangleStrip	1002016d	1002026c	?,0x142,?,?,0x0
DisplaySystem.dll	RANDY31.DLL::render_t::RenderTriangleStrip	1002016d	1002034b	?,0x142,?,?,0x0
DisplaySystem.dll	RANDY31.DLL::DynamicVB_c::GetVertices	10058669	100588cc	?,?,?,?,?
DisplaySystem.dll	RANDY31.DLL::render_t::RenderTriangleStrip	10058669	10058952	?,?,?,?,?
DisplaySystem.dll	RANDY31.DLL::render_t::RenderTriangleList	100520c2	10052161	?,0x142,?,?,?,?,0x0
DisplaySystem.dll	RANDY31.DLL::render_t::RenderTriangleStrip	1000f52e	1000f79d	?,0x142,?,?,0x0
DisplaySystem.dll	RANDY31.DLL::render_t::RenderTriangleList	1002d2bf	1002d426	?,0x142,?,?,0x0
DisplaySystem.dll	RANDY31.DLL::render_t::RenderTriangleList	10056308	100569f7	?,0x144,?,?,?,?,0x0
DisplaySystem.dll	RANDY31.DLL::DynamicVB_c::GetVertices	1003bebf	1003c040	?,?,?,?,?
DisplaySystem.dll	RANDY31.DLL::render_t::RenderTriangleList	1003bebf	1003c0c5	?,?,?,?,?,?,?
DisplaySystem.dll	RANDY31.DLL::DynamicVB_c::GetVertices	1003bebf	1003c24d	?,?,?,?,?
DisplaySystem.dll	RANDY31.DLL::render_t::RenderTriangleList	1003bebf	1003c2cb	?,?,?,?,?,?,?
DisplaySystem.dll	RANDY31.DLL::DynamicVB_c::GetVertices	100570db	100572e0	?,?,?,?,?
DisplaySystem.dll	RANDY31.DLL::render_t::RenderTriangleStrip	100570db	100573ee	?,?,?,?,?
DisplaySystem.dll	RANDY31.DLL::render_t::RenderTriangleStrip	10031253	100313a9	?,0x142,?,?,0x0
DisplaySystem.dll	RANDY31.DLL::render_t::RenderTriangleStrip	10010171	100103c5	?,0x142,?,?,0x0
DisplaySystem.dll	RANDY31.DLL::render_t::RenderTriangleStrip	1002e6d1	1002e7c4	?,0x142,?,?,0x0
DisplaySystem.dll	RANDY31.DLL::render_t::RenderTriangleStrip	1002e6d1	1002e807	?,0x142,?,?,0x0
DisplaySystem.dll	RANDY31.DLL::render_t::RenderTriangleList	1001105e	1001154a	?,0x142,?,?,?,?,0x0
DisplaySystem.dll	RANDY31.DLL::DynamicVB_c::GetVertices	1003c356	1003c53b	?,?,?,?,?
DisplaySystem.dll	RANDY31.DLL::render_t::RenderTriangleList	1003c356	1003c5be	?,?,?,?,?,?,?
DisplaySystem.dll	RANDY31.DLL::DynamicVB_c::GetVertices	1003c356	1003c738	?,?,?,?,?
DisplaySystem.dll	RANDY31.DLL::render_t::RenderTriangleList	1003c356	1003c7bb	?,?,?,?,?,?,?
DisplaySystem.dll	RANDY31.DLL::DynamicVB_c::GetVertices	1003c356	1003c8d0	?,?,?,?,?
DisplaySystem.dll	RANDY31.DLL::render_t::RenderTriangleList	1003c356	1003cb9a	?,?,?,?,?,?,?
DisplaySystem.dll	RANDY31.DLL::render_t::RenderTriangleList	1006e486	1006e5b6	?,?,0x0,?,?,?,0x0
DisplaySystem.dll	RANDY31.DLL::render_t::RenderTriangleStrip	10017223	100172a1	?,0x142,?,?,0x0
DisplaySystem.dll	RANDY31.DLL::render_t::RenderTriangleStrip	10028606	1002884a	?,0x142,?,0x4,0x0
DisplaySystem.dll	RANDY31.DLL::render_t::RenderTriangleList	1004167a	1004172a	?,?,0x0,?,?,?,0x0
DisplaySystem.dll	RANDY31.DLL::VertexBuffer_c::VertexBuffer_c	1006e133	1006e280	?,0x152,0x0,0x2,?
DisplaySystem.dll	RANDY31.DLL::render_t::RenderTriangleList	1000612d	100061c5	?,0x112,?,?,?,?,0x0
DisplaySystem.dll	RANDY31.DLL::render_t::RenderTriangleStrip	1000b4fc	1000bac1	?,0x142,?,0x4,0x0
DisplaySystem.dll	RANDY31.DLL::render_t::RenderTriangleStrip	10024f14	10025312	?,0x142,?,0x4,0x0
DisplaySystem.dll	RANDY31.DLL::render_t::RenderTriangleList	10049b43	10049c8f	?,0x142,?,?,?,?,0x0
DisplaySystem.dll	RANDY31.DLL::render_t::RenderTriangleList	100143e1	10014859	?,0x142,?,?,?,?,0x0
DisplaySystem.dll	RANDY31.DLL::render_t::RenderTriangleList	1000f072	1000f196	?,0x142,?,?,?,?,0x0
DisplaySystem.dll	RANDY31.DLL::render_t::RenderTriangleStrip	1002924e	10029879	?,0x142,?,0x4,0x0
DisplaySystem.dll	RANDY31.DLL::render_t::RenderTriangleStrip	1002924e	10029920	?,0x142,?,0x4,0x0
DisplaySystem.dll	RANDY31.DLL::render_t::RenderTriangleStrip	1002924e	100299ee	?,0x142,?,0x4,0x0
DisplaySystem.dll	RANDY31.DLL::render_t::RenderTriangleList	10027df8	100281cb	?,0x142,?,?,?,?,0x0
DisplaySystem.dll	RANDY31.DLL::render_t::RenderTriangleStrip	1002ac11	1002afe1	?,0x142,?,0x4,0x0
DisplaySystem.dll	RANDY31.DLL::render_t::RenderTriangleStrip	1002ac11	1002b0c5	?,0x142,?,0x4,0x0
DisplaySystem.dll	RANDY31.DLL::render_t::RenderTriangleList	10004a0f	10004c25	?,0x112,?,0x8,?,0x24,0x0
DisplaySystem.dll	RANDY31.DLL::render_t::RenderTriangleStrip	10010472	100108e5	?,0x142,?,?,0x0
DisplaySystem.dll	RANDY31.DLL::render_t::RenderTriangleFan	10010472	10010918	?,0x142,?,?,0x0
DisplaySystem.dll	RANDY31.DLL::render_t::RenderTriangleFan	10010472	10010942	?,0x142,?,?,0x0
DisplaySystem.dll	RANDY31.DLL::render_t::RenderTriangleList	1004a8eb	1004aa37	?,0x142,?,?,?,?,0x0
DisplaySystem.dll	RANDY31.DLL::render_t::RenderTriangleList	1000d73f	1000dcb1	?,0x142,?,?,?,?,0x0
DisplaySystem.dll	RANDY31.DLL::render_t::RenderTriangleList	10047300	10048e67	?,0x142,?,?,?,?,0x0
DisplaySystem.dll	RANDY31.DLL::render_t::RenderTriangleList	1001d3ee	1001d537	?,0x152,?,?,?,?,0x0
DisplaySystem.dll	RANDY31.DLL::render_t::RenderTriangleList	10028b9c	10028fb7	?,0x142,?,?,?,?,0x0
DisplaySystem.dll	RANDY31.DLL::render_t::RenderTriangleList	100118d3	10011cb5	?,0x142,?,?,?,?,0x0
DisplaySystem.dll	RANDY31.DLL::DynamicVB_c::GetVertices	1003d1b9	1003d30e	?,?,?,?,?
DisplaySystem.dll	RANDY31.DLL::render_t::RenderTriangleList	1003d1b9	1003d49a	?,?,?,?,?,?,?
DisplaySystem.dll	RANDY31.DLL::render_t::RenderTriangleList	1003d1b9	1003d6bf	?,?,?,?,?,?,?
DisplaySystem.dll	RANDY31.DLL::render_t::RenderTriangleStrip	1000a70f	1000b018	?,0x142,?,0x4,0x0
DisplaySystem.dll	RANDY31.DLL::DynamicVB_c::GetVertices	1007a115	1007a1c1	?,?,?,?,?
DisplaySystem.dll	RANDY31.DLL::render_t::RenderTriangleStrip	1007a115	1007a1f0	?,?,?,?,?
DisplaySystem.dll	RANDY31.DLL::render_t::RenderTriangleList	1004ceed	1004cfff	?,0x142,?,?,?,?,0x0
DisplaySystem.dll	RANDY31.DLL::render_t::RenderTriangleList	1001364b	10013c08	?,0x142,?,?,?,?,0x0
DisplaySystem.dll	RANDY31.DLL::VertexBuffer_c::VertexBuffer_c	1005aed0	1005b21e	?,0x102,0x8,0x2,?
DisplaySystem.dll	RANDY31.DLL::VertexBuffer_c::VertexBuffer_c	1005aed0	1005b261	?,0x104,0x0,0x2,?
DisplaySystem.dll	RANDY31.DLL::render_t::RenderTriangleList	1003b411	1003b5ca	?,?,0x0,?,?,?,0x0
DisplaySystem.dll	RANDY31.DLL::render_t::RenderTriangleList	10050c13	10050d1c	?,0x142,?,?,?,?,0x0
DisplaySystem.dll	RANDY31.DLL::render_t::RenderTriangleList	10025391	10025814	?,0x142,?,?,?,?,0x0
DisplaySystem.dll	RANDY31.DLL::render_t::RenderTriangleFan	100302ad	10030363	?,0x142,?,0x5,?,0x6,0x0
DisplaySystem.dll	RANDY31.DLL::render_t::RenderTriangleList	10014f8a	1001540d	?,0x142,?,?,?,?,0x0
DisplaySystem.dll	RANDY31.DLL::render_t::RenderTriangleStrip	10021924	10021e97	?,0x142,?,?,0x0
DisplaySystem.dll	RANDY31.DLL::render_t::RenderTriangleStrip	100087c1	10008864	?,0x142,?,0x4,0x0
DisplaySystem.dll	RANDY31.DLL::render_t::RenderTriangleStrip	100087c1	100088e2	?,0x142,?,0x4,0x0
DisplaySystem.dll	RANDY31.DLL::render_t::RenderTriangleStrip	1002a350	1002a583	?,0x142,?,0x4,0x0
DisplaySystem.dll	RANDY31.DLL::render_t::RenderTriangleStrip	1002a350	1002a652	?,0x142,?,0x4,0x0
DisplaySystem.dll	RANDY31.DLL::VertexBuffer_c::VertexBuffer_c	1003f4ee	1004025c	?,0x152,0x8,0x2,?
DisplaySystem.dll	RANDY31.DLL::VertexBuffer_c::VertexBuffer_c	1003f4ee	1004029a	?,0x1c4,0x0,0x2,?
DisplaySystem.dll	RANDY31.DLL::render_t::RenderTriangleStrip	1000c0ec	1000c179	?,0x142,?,?,0x0
DisplaySystem.dll	RANDY31.DLL::VertexBuffer_c::VertexBuffer_c	10041467	100414f3	?,0x102,0x8,?,?
DisplaySystem.dll	RANDY31.DLL::render_t::RenderTriangleStrip	10022407	1002267c	?,0x142,?,?,0x0
DisplaySystem.dll	RANDY31.DLL::render_t::RenderTriangleStrip	10012b78	10012f51	?,0x142,?,0x4,0x0
DisplaySystem.dll	RANDY31.DLL::render_t::RenderTriangleStrip	10023929	10023bf5	?,0x144,?,0x4,0x0
DisplaySystem.dll	RANDY31.DLL::render_t::RenderTriangleList	1005abb1	1005aeb2	?,0x142,?,?,?,?,0x0
DisplaySystem.dll	RANDY31.DLL::render_t::RenderTriangleStrip	1000fada	1000fe34	?,0x142,?,?,0x0
DisplaySystem.dll	RANDY31.DLL::render_t::RenderTriangleList	1004ed61	1004efc7	?,0x142,?,?,?,?,0x0
DisplaySystem.dll	RANDY31.DLL::render_t::RenderTriangleStrip	100305e4	10030662	?,0x142,?,?,0x0
DisplaySystem.dll	RANDY31.DLL::render_t::RenderTriangleList	10020836	10020cf8	?,0x142,?,?,?,?,0x0
DisplaySystem.dll	RANDY31.DLL::render_t::RenderTriangleList	100515af	100516ac	?,0x142,?,?,?,?,0x0
DisplaySystem.dll	RANDY31.DLL::DynamicVB_c::GetVertices	1005775c	100579c1	?,?,?,?,?
DisplaySystem.dll	RANDY31.DLL::render_t::RenderTriangleStrip	1005775c	10057ad2	?,?,?,?,?
DisplaySystem.dll	RANDY31.DLL::render_t::RenderTriangleStrip	1002eec0	1002f1e1	?,0x144,?,0x4,0x0
DisplaySystem.dll	RANDY31.DLL::render_t::RenderTriangleStrip	1002b486	1002bba8	?,0x142,?,?,0x0
DisplaySystem.dll	RANDY31.DLL::render_t::RenderTriangleStrip	1002b486	1002c2fd	?,0x142,?,?,0x0
DisplaySystem.dll	RANDY31.DLL::render_t::RenderTriangleList	1005e25b	1005e6ac	?,0x142,?,?,?,?,0x0
DisplaySystem.dll	RANDY31.DLL::render_t::RenderTriangleList	1003b5e9	1003b7f8	?,?,0x0,?,?,?,0x0
DisplaySystem.dll	RANDY31.DLL::render_t::RenderTriangleList	1003b5e9	1003b9aa	?,?,0x0,?,?,?,0x0
