module	class	base	base_offset
DisplaySystem.dll	AdvertisingTexCreator_t	TextureStreamCreator	0x0
DisplaySystem.dll	AdvertisingTexCreator_t	TextureCreator	0x0
DisplaySystem.dll	AdvertisingTexCreator_t	fun::Serializable_c	0x0
DisplaySystem.dll	AnarchyGroundDataDB_t	AnarchyGroundData_t	0x0
DisplaySystem.dll	AnarchyGroundDataDB_t	RResource_t	0x0
DisplaySystem.dll	AnarchyGroundDataDB_t	fun::Serializable_c	0x0
DisplaySystem.dll	AnarchyGroundData_t	RResource_t	0x0
DisplaySystem.dll	AnarchyGroundData_t	fun::Serializable_c	0x0
DisplaySystem.dll	AnarchyGround_t	RVisual_t	0x0
DisplaySystem.dll	AnarchyGround_t	RRefFrame_t	0x0
DisplaySystem.dll	AnarchyGround_t	fun::Serializable_c	0x0
DisplaySystem.dll	AnarchyGround_t	.?AV?$SubjectImpl@VRendering@VisualEvents@@@@	0xA4
DisplaySystem.dll	AnarchyTexCreator_t	TextureStreamCreator	0x0
DisplaySystem.dll	AnarchyTexCreator_t	TextureCreator	0x0
DisplaySystem.dll	AnarchyTexCreator_t	fun::Serializable_c	0x0
DisplaySystem.dll	DirectionalLight_t	VisualEnvFXVisualBase_t	0x0
DisplaySystem.dll	DirectionalLight_t	RVisual_t	0x0
DisplaySystem.dll	DirectionalLight_t	RRefFrame_t	0x0
DisplaySystem.dll	DirectionalLight_t	fun::Serializable_c	0x0
DisplaySystem.dll	DirectionalLight_t	.?AV?$SubjectImpl@VRendering@VisualEvents@@@@	0xA4
DisplaySystem.dll	EjectingCartridges_t	RVisual_t	0x0
DisplaySystem.dll	EjectingCartridges_t	RRefFrame_t	0x0
DisplaySystem.dll	EjectingCartridges_t	fun::Serializable_c	0x0
DisplaySystem.dll	EjectingCartridges_t	.?AV?$SubjectImpl@VRendering@VisualEvents@@@@	0xA4
DisplaySystem.dll	EnvironmentLightObject_t	VisualEnvFXVisualBase_t	0x0
DisplaySystem.dll	EnvironmentLightObject_t	RVisual_t	0x0
DisplaySystem.dll	EnvironmentLightObject_t	RRefFrame_t	0x0
DisplaySystem.dll	EnvironmentLightObject_t	fun::Serializable_c	0x0
DisplaySystem.dll	EnvironmentLightObject_t	.?AV?$SubjectImpl@VRendering@VisualEvents@@@@	0xA4
DisplaySystem.dll	FlameThrower_t	RVisual_t	0x0
DisplaySystem.dll	FlameThrower_t	RRefFrame_t	0x0
DisplaySystem.dll	FlameThrower_t	fun::Serializable_c	0x0
DisplaySystem.dll	FlameThrower_t	.?AV?$SubjectImpl@VRendering@VisualEvents@@@@	0xA4
DisplaySystem.dll	GameInterfaceObject_t	VisualEnvFXVisualBase_t	0x0
DisplaySystem.dll	GameInterfaceObject_t	RVisual_t	0x0
DisplaySystem.dll	GameInterfaceObject_t	RRefFrame_t	0x0
DisplaySystem.dll	GameInterfaceObject_t	fun::Serializable_c	0x0
DisplaySystem.dll	GameInterfaceObject_t	.?AV?$SubjectImpl@VRendering@VisualEvents@@@@	0xA4
DisplaySystem.dll	GenericMeshObject_t	VisualEnvFXMeshBase_t	0x0
DisplaySystem.dll	GenericMeshObject_t	RTriMesh_t	0x0
DisplaySystem.dll	GenericMeshObject_t	RVisual_t	0x0
DisplaySystem.dll	GenericMeshObject_t	RRefFrame_t	0x0
DisplaySystem.dll	GenericMeshObject_t	fun::Serializable_c	0x0
DisplaySystem.dll	GenericMeshObject_t	.?AV?$SubjectImpl@VRendering@VisualEvents@@@@	0xA4
DisplaySystem.dll	GenericVisualObject_t	VisualEnvFXVisualBase_t	0x0
DisplaySystem.dll	GenericVisualObject_t	RVisual_t	0x0
DisplaySystem.dll	GenericVisualObject_t	RRefFrame_t	0x0
DisplaySystem.dll	GenericVisualObject_t	fun::Serializable_c	0x0
DisplaySystem.dll	GenericVisualObject_t	.?AV?$SubjectImpl@VRendering@VisualEvents@@@@	0xA4
DisplaySystem.dll	GfxVisual	RVisual_t	0x0
DisplaySystem.dll	GfxVisual	RRefFrame_t	0x0
DisplaySystem.dll	GfxVisual	fun::Serializable_c	0x0
DisplaySystem.dll	GfxVisual	.?AV?$SubjectImpl@VRendering@VisualEvents@@@@	0xA4
DisplaySystem.dll	GfxVisualBParticle	GfxVisual	0x0
DisplaySystem.dll	GfxVisualBParticle	RVisual_t	0x0
DisplaySystem.dll	GfxVisualBParticle	RRefFrame_t	0x0
DisplaySystem.dll	GfxVisualBParticle	fun::Serializable_c	0x0
DisplaySystem.dll	GfxVisualBParticle	.?AV?$SubjectImpl@VRendering@VisualEvents@@@@	0xA4
DisplaySystem.dll	GfxVisualBParticle2	GfxVisual	0x0
DisplaySystem.dll	GfxVisualBParticle2	RVisual_t	0x0
DisplaySystem.dll	GfxVisualBParticle2	RRefFrame_t	0x0
DisplaySystem.dll	GfxVisualBParticle2	fun::Serializable_c	0x0
DisplaySystem.dll	GfxVisualBParticle2	.?AV?$SubjectImpl@VRendering@VisualEvents@@@@	0xA4
DisplaySystem.dll	GfxVisualBeam	GfxVisual	0x0
DisplaySystem.dll	GfxVisualBeam	RVisual_t	0x0
DisplaySystem.dll	GfxVisualBeam	RRefFrame_t	0x0
DisplaySystem.dll	GfxVisualBeam	fun::Serializable_c	0x0
DisplaySystem.dll	GfxVisualBeam	.?AV?$SubjectImpl@VRendering@VisualEvents@@@@	0xA4
DisplaySystem.dll	GfxVisualBufferControl	GfxVisual	0x0
DisplaySystem.dll	GfxVisualBufferControl	RVisual_t	0x0
DisplaySystem.dll	GfxVisualBufferControl	RRefFrame_t	0x0
DisplaySystem.dll	GfxVisualBufferControl	fun::Serializable_c	0x0
DisplaySystem.dll	GfxVisualBufferControl	.?AV?$SubjectImpl@VRendering@VisualEvents@@@@	0xA4
DisplaySystem.dll	GfxVisualCone	GfxVisual	0x0
DisplaySystem.dll	GfxVisualCone	RVisual_t	0x0
DisplaySystem.dll	GfxVisualCone	RRefFrame_t	0x0
DisplaySystem.dll	GfxVisualCone	fun::Serializable_c	0x0
DisplaySystem.dll	GfxVisualCone	.?AV?$SubjectImpl@VRendering@VisualEvents@@@@	0xA4
DisplaySystem.dll	GfxVisualCord	GfxVisual	0x0
DisplaySystem.dll	GfxVisualCord	RVisual_t	0x0
DisplaySystem.dll	GfxVisualCord	RRefFrame_t	0x0
DisplaySystem.dll	GfxVisualCord	fun::Serializable_c	0x0
DisplaySystem.dll	GfxVisualCord	.?AV?$SubjectImpl@VRendering@VisualEvents@@@@	0xA4
DisplaySystem.dll	GfxVisualCord2	GfxVisual	0x0
DisplaySystem.dll	GfxVisualCord2	RVisual_t	0x0
DisplaySystem.dll	GfxVisualCord2	RRefFrame_t	0x0
DisplaySystem.dll	GfxVisualCord2	fun::Serializable_c	0x0
DisplaySystem.dll	GfxVisualCord2	.?AV?$SubjectImpl@VRendering@VisualEvents@@@@	0xA4
DisplaySystem.dll	GfxVisualCord3	GfxVisual	0x0
DisplaySystem.dll	GfxVisualCord3	RVisual_t	0x0
DisplaySystem.dll	GfxVisualCord3	RRefFrame_t	0x0
DisplaySystem.dll	GfxVisualCord3	fun::Serializable_c	0x0
DisplaySystem.dll	GfxVisualCord3	.?AV?$SubjectImpl@VRendering@VisualEvents@@@@	0xA4
DisplaySystem.dll	GfxVisualCord4	GfxVisual	0x0
DisplaySystem.dll	GfxVisualCord4	RVisual_t	0x0
DisplaySystem.dll	GfxVisualCord4	RRefFrame_t	0x0
DisplaySystem.dll	GfxVisualCord4	fun::Serializable_c	0x0
DisplaySystem.dll	GfxVisualCord4	.?AV?$SubjectImpl@VRendering@VisualEvents@@@@	0xA4
DisplaySystem.dll	GfxVisualCylinder	GfxVisual	0x0
DisplaySystem.dll	GfxVisualCylinder	RVisual_t	0x0
DisplaySystem.dll	GfxVisualCylinder	RRefFrame_t	0x0
DisplaySystem.dll	GfxVisualCylinder	fun::Serializable_c	0x0
DisplaySystem.dll	GfxVisualCylinder	.?AV?$SubjectImpl@VRendering@VisualEvents@@@@	0xA4
DisplaySystem.dll	GfxVisualCylinder2	GfxVisual	0x0
DisplaySystem.dll	GfxVisualCylinder2	RVisual_t	0x0
DisplaySystem.dll	GfxVisualCylinder2	RRefFrame_t	0x0
DisplaySystem.dll	GfxVisualCylinder2	fun::Serializable_c	0x0
DisplaySystem.dll	GfxVisualCylinder2	.?AV?$SubjectImpl@VRendering@VisualEvents@@@@	0xA4
DisplaySystem.dll	GfxVisualCylinder3	GfxVisual	0x0
DisplaySystem.dll	GfxVisualCylinder3	RVisual_t	0x0
DisplaySystem.dll	GfxVisualCylinder3	RRefFrame_t	0x0
DisplaySystem.dll	GfxVisualCylinder3	fun::Serializable_c	0x0
DisplaySystem.dll	GfxVisualCylinder3	.?AV?$SubjectImpl@VRendering@VisualEvents@@@@	0xA4
DisplaySystem.dll	GfxVisualCylinderLaser	GfxVisual	0x0
DisplaySystem.dll	GfxVisualCylinderLaser	RVisual_t	0x0
DisplaySystem.dll	GfxVisualCylinderLaser	RRefFrame_t	0x0
DisplaySystem.dll	GfxVisualCylinderLaser	fun::Serializable_c	0x0
DisplaySystem.dll	GfxVisualCylinderLaser	.?AV?$SubjectImpl@VRendering@VisualEvents@@@@	0xA4
DisplaySystem.dll	GfxVisualDiaBill	GfxVisual	0x0
DisplaySystem.dll	GfxVisualDiaBill	RVisual_t	0x0
DisplaySystem.dll	GfxVisualDiaBill	RRefFrame_t	0x0
DisplaySystem.dll	GfxVisualDiaBill	fun::Serializable_c	0x0
DisplaySystem.dll	GfxVisualDiaBill	.?AV?$SubjectImpl@VRendering@VisualEvents@@@@	0xA4
DisplaySystem.dll	GfxVisualDistortion	GfxVisual	0x0
DisplaySystem.dll	GfxVisualDistortion	RVisual_t	0x0
DisplaySystem.dll	GfxVisualDistortion	RRefFrame_t	0x0
DisplaySystem.dll	GfxVisualDistortion	fun::Serializable_c	0x0
DisplaySystem.dll	GfxVisualDistortion	.?AV?$SubjectImpl@VRendering@VisualEvents@@@@	0xA4
DisplaySystem.dll	GfxVisualElectra	GfxVisual	0x0
DisplaySystem.dll	GfxVisualElectra	RVisual_t	0x0
DisplaySystem.dll	GfxVisualElectra	RRefFrame_t	0x0
DisplaySystem.dll	GfxVisualElectra	fun::Serializable_c	0x0
DisplaySystem.dll	GfxVisualElectra	.?AV?$SubjectImpl@VRendering@VisualEvents@@@@	0xA4
DisplaySystem.dll	GfxVisualEnergyBall	GfxVisual	0x0
DisplaySystem.dll	GfxVisualEnergyBall	RVisual_t	0x0
DisplaySystem.dll	GfxVisualEnergyBall	RRefFrame_t	0x0
DisplaySystem.dll	GfxVisualEnergyBall	fun::Serializable_c	0x0
DisplaySystem.dll	GfxVisualEnergyBall	.?AV?$SubjectImpl@VRendering@VisualEvents@@@@	0xA4
DisplaySystem.dll	GfxVisualFlare	GfxVisual	0x0
DisplaySystem.dll	GfxVisualFlare	RVisual_t	0x0
DisplaySystem.dll	GfxVisualFlare	RRefFrame_t	0x0
DisplaySystem.dll	GfxVisualFlare	fun::Serializable_c	0x0
DisplaySystem.dll	GfxVisualFlare	.?AV?$SubjectImpl@VRendering@VisualEvents@@@@	0xA4
DisplaySystem.dll	GfxVisualFlareType0	GfxVisual	0x0
DisplaySystem.dll	GfxVisualFlareType0	RVisual_t	0x0
DisplaySystem.dll	GfxVisualFlareType0	RRefFrame_t	0x0
DisplaySystem.dll	GfxVisualFlareType0	fun::Serializable_c	0x0
DisplaySystem.dll	GfxVisualFlareType0	.?AV?$SubjectImpl@VRendering@VisualEvents@@@@	0xA4
DisplaySystem.dll	GfxVisualFlareType1	GfxVisual	0x0
DisplaySystem.dll	GfxVisualFlareType1	RVisual_t	0x0
DisplaySystem.dll	GfxVisualFlareType1	RRefFrame_t	0x0
DisplaySystem.dll	GfxVisualFlareType1	fun::Serializable_c	0x0
DisplaySystem.dll	GfxVisualFlareType1	.?AV?$SubjectImpl@VRendering@VisualEvents@@@@	0xA4
DisplaySystem.dll	GfxVisualFlareType2	GfxVisual	0x0
DisplaySystem.dll	GfxVisualFlareType2	RVisual_t	0x0
DisplaySystem.dll	GfxVisualFlareType2	RRefFrame_t	0x0
DisplaySystem.dll	GfxVisualFlareType2	fun::Serializable_c	0x0
DisplaySystem.dll	GfxVisualFlareType2	.?AV?$SubjectImpl@VRendering@VisualEvents@@@@	0xA4
DisplaySystem.dll	GfxVisualGroundGrid	GfxVisual	0x0
DisplaySystem.dll	GfxVisualGroundGrid	RVisual_t	0x0
DisplaySystem.dll	GfxVisualGroundGrid	RRefFrame_t	0x0
DisplaySystem.dll	GfxVisualGroundGrid	fun::Serializable_c	0x0
DisplaySystem.dll	GfxVisualGroundGrid	.?AV?$SubjectImpl@VRendering@VisualEvents@@@@	0xA4
DisplaySystem.dll	GfxVisualGroundRing	GfxVisual	0x0
DisplaySystem.dll	GfxVisualGroundRing	RVisual_t	0x0
DisplaySystem.dll	GfxVisualGroundRing	RRefFrame_t	0x0
DisplaySystem.dll	GfxVisualGroundRing	fun::Serializable_c	0x0
DisplaySystem.dll	GfxVisualGroundRing	.?AV?$SubjectImpl@VRendering@VisualEvents@@@@	0xA4
DisplaySystem.dll	GfxVisualHoloScreen	GfxVisual	0x0
DisplaySystem.dll	GfxVisualHoloScreen	RVisual_t	0x0
DisplaySystem.dll	GfxVisualHoloScreen	RRefFrame_t	0x0
DisplaySystem.dll	GfxVisualHoloScreen	fun::Serializable_c	0x0
DisplaySystem.dll	GfxVisualHoloScreen	.?AV?$SubjectImpl@VRendering@VisualEvents@@@@	0xA4
DisplaySystem.dll	GfxVisualMeshTest	GfxVisual	0x0
DisplaySystem.dll	GfxVisualMeshTest	RVisual_t	0x0
DisplaySystem.dll	GfxVisualMeshTest	RRefFrame_t	0x0
DisplaySystem.dll	GfxVisualMeshTest	fun::Serializable_c	0x0
DisplaySystem.dll	GfxVisualMeshTest	.?AV?$SubjectImpl@VRendering@VisualEvents@@@@	0xA4
DisplaySystem.dll	GfxVisualNano2	GfxVisual	0x0
DisplaySystem.dll	GfxVisualNano2	RVisual_t	0x0
DisplaySystem.dll	GfxVisualNano2	RRefFrame_t	0x0
DisplaySystem.dll	GfxVisualNano2	fun::Serializable_c	0x0
DisplaySystem.dll	GfxVisualNano2	.?AV?$SubjectImpl@VRendering@VisualEvents@@@@	0xA4
DisplaySystem.dll	GfxVisualPlasma	GfxVisual	0x0
DisplaySystem.dll	GfxVisualPlasma	RVisual_t	0x0
DisplaySystem.dll	GfxVisualPlasma	RRefFrame_t	0x0
DisplaySystem.dll	GfxVisualPlasma	fun::Serializable_c	0x0
DisplaySystem.dll	GfxVisualPlasma	.?AV?$SubjectImpl@VRendering@VisualEvents@@@@	0xA4
DisplaySystem.dll	GfxVisualRockList	GfxVisual	0x0
DisplaySystem.dll	GfxVisualRockList	RVisual_t	0x0
DisplaySystem.dll	GfxVisualRockList	RRefFrame_t	0x0
DisplaySystem.dll	GfxVisualRockList	fun::Serializable_c	0x0
DisplaySystem.dll	GfxVisualRockList	.?AV?$SubjectImpl@VRendering@VisualEvents@@@@	0xA4
DisplaySystem.dll	GfxVisualShield	GfxVisual	0x0
DisplaySystem.dll	GfxVisualShield	RVisual_t	0x0
DisplaySystem.dll	GfxVisualShield	RRefFrame_t	0x0
DisplaySystem.dll	GfxVisualShield	fun::Serializable_c	0x0
DisplaySystem.dll	GfxVisualShield	.?AV?$SubjectImpl@VRendering@VisualEvents@@@@	0xA4
DisplaySystem.dll	GfxVisualShield2	GfxVisual	0x0
DisplaySystem.dll	GfxVisualShield2	RVisual_t	0x0
DisplaySystem.dll	GfxVisualShield2	RRefFrame_t	0x0
DisplaySystem.dll	GfxVisualShield2	fun::Serializable_c	0x0
DisplaySystem.dll	GfxVisualShield2	.?AV?$SubjectImpl@VRendering@VisualEvents@@@@	0xA4
DisplaySystem.dll	GfxVisualSimpleShadow_c	GfxVisual	0x0
DisplaySystem.dll	GfxVisualSimpleShadow_c	RVisual_t	0x0
DisplaySystem.dll	GfxVisualSimpleShadow_c	RRefFrame_t	0x0
DisplaySystem.dll	GfxVisualSimpleShadow_c	fun::Serializable_c	0x0
DisplaySystem.dll	GfxVisualSimpleShadow_c	.?AV?$SubjectImpl@VRendering@VisualEvents@@@@	0xA4
DisplaySystem.dll	GfxVisualSkyrise	GfxVisual	0x0
DisplaySystem.dll	GfxVisualSkyrise	RVisual_t	0x0
DisplaySystem.dll	GfxVisualSkyrise	RRefFrame_t	0x0
DisplaySystem.dll	GfxVisualSkyrise	fun::Serializable_c	0x0
DisplaySystem.dll	GfxVisualSkyrise	.?AV?$SubjectImpl@VRendering@VisualEvents@@@@	0xA4
DisplaySystem.dll	GfxVisualSol	GfxVisual	0x0
DisplaySystem.dll	GfxVisualSol	RVisual_t	0x0
DisplaySystem.dll	GfxVisualSol	RRefFrame_t	0x0
DisplaySystem.dll	GfxVisualSol	fun::Serializable_c	0x0
DisplaySystem.dll	GfxVisualSol	.?AV?$SubjectImpl@VRendering@VisualEvents@@@@	0xA4
DisplaySystem.dll	GfxVisualSparks	GfxVisual	0x0
DisplaySystem.dll	GfxVisualSparks	RVisual_t	0x0
DisplaySystem.dll	GfxVisualSparks	RRefFrame_t	0x0
DisplaySystem.dll	GfxVisualSparks	fun::Serializable_c	0x0
DisplaySystem.dll	GfxVisualSparks	.?AV?$SubjectImpl@VRendering@VisualEvents@@@@	0xA4
DisplaySystem.dll	GfxVisualSpiral	GfxVisual	0x0
DisplaySystem.dll	GfxVisualSpiral	RVisual_t	0x0
DisplaySystem.dll	GfxVisualSpiral	RRefFrame_t	0x0
DisplaySystem.dll	GfxVisualSpiral	fun::Serializable_c	0x0
DisplaySystem.dll	GfxVisualSpiral	.?AV?$SubjectImpl@VRendering@VisualEvents@@@@	0xA4
DisplaySystem.dll	GfxVisualSpiral2	GfxVisual	0x0
DisplaySystem.dll	GfxVisualSpiral2	RVisual_t	0x0
DisplaySystem.dll	GfxVisualSpiral2	RRefFrame_t	0x0
DisplaySystem.dll	GfxVisualSpiral2	fun::Serializable_c	0x0
DisplaySystem.dll	GfxVisualSpiral2	.?AV?$SubjectImpl@VRendering@VisualEvents@@@@	0xA4
DisplaySystem.dll	GfxVisualSplats	GfxVisual	0x0
DisplaySystem.dll	GfxVisualSplats	RVisual_t	0x0
DisplaySystem.dll	GfxVisualSplats	RRefFrame_t	0x0
DisplaySystem.dll	GfxVisualSplats	fun::Serializable_c	0x0
DisplaySystem.dll	GfxVisualSplats	.?AV?$SubjectImpl@VRendering@VisualEvents@@@@	0xA4
DisplaySystem.dll	GfxVisualSprite	GfxVisual	0x0
DisplaySystem.dll	GfxVisualSprite	RVisual_t	0x0
DisplaySystem.dll	GfxVisualSprite	RRefFrame_t	0x0
DisplaySystem.dll	GfxVisualSprite	fun::Serializable_c	0x0
DisplaySystem.dll	GfxVisualSprite	.?AV?$SubjectImpl@VRendering@VisualEvents@@@@	0xA4
DisplaySystem.dll	GfxVisualSprite2	GfxVisual	0x0
DisplaySystem.dll	GfxVisualSprite2	RVisual_t	0x0
DisplaySystem.dll	GfxVisualSprite2	RRefFrame_t	0x0
DisplaySystem.dll	GfxVisualSprite2	fun::Serializable_c	0x0
DisplaySystem.dll	GfxVisualSprite2	.?AV?$SubjectImpl@VRendering@VisualEvents@@@@	0xA4
DisplaySystem.dll	GfxVisualSprite2L	GfxVisual	0x0
DisplaySystem.dll	GfxVisualSprite2L	RVisual_t	0x0
DisplaySystem.dll	GfxVisualSprite2L	RRefFrame_t	0x0
DisplaySystem.dll	GfxVisualSprite2L	fun::Serializable_c	0x0
DisplaySystem.dll	GfxVisualSprite2L	.?AV?$SubjectImpl@VRendering@VisualEvents@@@@	0xA4
DisplaySystem.dll	GfxVisualSprite2SL	GfxVisual	0x0
DisplaySystem.dll	GfxVisualSprite2SL	RVisual_t	0x0
DisplaySystem.dll	GfxVisualSprite2SL	RRefFrame_t	0x0
DisplaySystem.dll	GfxVisualSprite2SL	fun::Serializable_c	0x0
DisplaySystem.dll	GfxVisualSprite2SL	.?AV?$SubjectImpl@VRendering@VisualEvents@@@@	0xA4
DisplaySystem.dll	GfxVisualSprite2Type0	GfxVisual	0x0
DisplaySystem.dll	GfxVisualSprite2Type0	RVisual_t	0x0
DisplaySystem.dll	GfxVisualSprite2Type0	RRefFrame_t	0x0
DisplaySystem.dll	GfxVisualSprite2Type0	fun::Serializable_c	0x0
DisplaySystem.dll	GfxVisualSprite2Type0	.?AV?$SubjectImpl@VRendering@VisualEvents@@@@	0xA4
DisplaySystem.dll	GfxVisualSprite2Type1	GfxVisual	0x0
DisplaySystem.dll	GfxVisualSprite2Type1	RVisual_t	0x0
DisplaySystem.dll	GfxVisualSprite2Type1	RRefFrame_t	0x0
DisplaySystem.dll	GfxVisualSprite2Type1	fun::Serializable_c	0x0
DisplaySystem.dll	GfxVisualSprite2Type1	.?AV?$SubjectImpl@VRendering@VisualEvents@@@@	0xA4
DisplaySystem.dll	GfxVisualSprite2Type2	GfxVisual	0x0
DisplaySystem.dll	GfxVisualSprite2Type2	RVisual_t	0x0
DisplaySystem.dll	GfxVisualSprite2Type2	RRefFrame_t	0x0
DisplaySystem.dll	GfxVisualSprite2Type2	fun::Serializable_c	0x0
DisplaySystem.dll	GfxVisualSprite2Type2	.?AV?$SubjectImpl@VRendering@VisualEvents@@@@	0xA4
DisplaySystem.dll	GfxVisualSprite3	GfxVisual	0x0
DisplaySystem.dll	GfxVisualSprite3	RVisual_t	0x0
DisplaySystem.dll	GfxVisualSprite3	RRefFrame_t	0x0
DisplaySystem.dll	GfxVisualSprite3	fun::Serializable_c	0x0
DisplaySystem.dll	GfxVisualSprite3	.?AV?$SubjectImpl@VRendering@VisualEvents@@@@	0xA4
DisplaySystem.dll	GfxVisualSprite3Type0	GfxVisual	0x0
DisplaySystem.dll	GfxVisualSprite3Type0	RVisual_t	0x0
DisplaySystem.dll	GfxVisualSprite3Type0	RRefFrame_t	0x0
DisplaySystem.dll	GfxVisualSprite3Type0	fun::Serializable_c	0x0
DisplaySystem.dll	GfxVisualSprite3Type0	.?AV?$SubjectImpl@VRendering@VisualEvents@@@@	0xA4
DisplaySystem.dll	GfxVisualSpriteBeam	GfxVisual	0x0
DisplaySystem.dll	GfxVisualSpriteBeam	RVisual_t	0x0
DisplaySystem.dll	GfxVisualSpriteBeam	RRefFrame_t	0x0
DisplaySystem.dll	GfxVisualSpriteBeam	fun::Serializable_c	0x0
DisplaySystem.dll	GfxVisualSpriteBeam	.?AV?$SubjectImpl@VRendering@VisualEvents@@@@	0xA4
DisplaySystem.dll	GfxVisualTParticle	GfxVisual	0x0
DisplaySystem.dll	GfxVisualTParticle	RVisual_t	0x0
DisplaySystem.dll	GfxVisualTParticle	RRefFrame_t	0x0
DisplaySystem.dll	GfxVisualTParticle	fun::Serializable_c	0x0
DisplaySystem.dll	GfxVisualTParticle	.?AV?$SubjectImpl@VRendering@VisualEvents@@@@	0xA4
DisplaySystem.dll	GfxVisualTParticle2	GfxVisual	0x0
DisplaySystem.dll	GfxVisualTParticle2	RVisual_t	0x0
DisplaySystem.dll	GfxVisualTParticle2	RRefFrame_t	0x0
DisplaySystem.dll	GfxVisualTParticle2	fun::Serializable_c	0x0
DisplaySystem.dll	GfxVisualTParticle2	.?AV?$SubjectImpl@VRendering@VisualEvents@@@@	0xA4
DisplaySystem.dll	GfxVisualTrail	GfxVisual	0x0
DisplaySystem.dll	GfxVisualTrail	RVisual_t	0x0
DisplaySystem.dll	GfxVisualTrail	RRefFrame_t	0x0
DisplaySystem.dll	GfxVisualTrail	fun::Serializable_c	0x0
DisplaySystem.dll	GfxVisualTrail	.?AV?$SubjectImpl@VRendering@VisualEvents@@@@	0xA4
DisplaySystem.dll	GfxVisualTrail2	GfxVisual	0x0
DisplaySystem.dll	GfxVisualTrail2	RVisual_t	0x0
DisplaySystem.dll	GfxVisualTrail2	RRefFrame_t	0x0
DisplaySystem.dll	GfxVisualTrail2	fun::Serializable_c	0x0
DisplaySystem.dll	GfxVisualTrail2	.?AV?$SubjectImpl@VRendering@VisualEvents@@@@	0xA4
DisplaySystem.dll	GfxVisualTriangleList	GfxVisual	0x0
DisplaySystem.dll	GfxVisualTriangleList	RVisual_t	0x0
DisplaySystem.dll	GfxVisualTriangleList	RRefFrame_t	0x0
DisplaySystem.dll	GfxVisualTriangleList	fun::Serializable_c	0x0
DisplaySystem.dll	GfxVisualTriangleList	.?AV?$SubjectImpl@VRendering@VisualEvents@@@@	0xA4
DisplaySystem.dll	GfxVisualVein	GfxVisual	0x0
DisplaySystem.dll	GfxVisualVein	RVisual_t	0x0
DisplaySystem.dll	GfxVisualVein	RRefFrame_t	0x0
DisplaySystem.dll	GfxVisualVein	fun::Serializable_c	0x0
DisplaySystem.dll	GfxVisualVein	.?AV?$SubjectImpl@VRendering@VisualEvents@@@@	0xA4
DisplaySystem.dll	GfxVisualVisionTint	GfxVisual	0x0
DisplaySystem.dll	GfxVisualVisionTint	RVisual_t	0x0
DisplaySystem.dll	GfxVisualVisionTint	RRefFrame_t	0x0
DisplaySystem.dll	GfxVisualVisionTint	fun::Serializable_c	0x0
DisplaySystem.dll	GfxVisualVisionTint	.?AV?$SubjectImpl@VRendering@VisualEvents@@@@	0xA4
DisplaySystem.dll	GfxVisualVolGrid	GfxVisual	0x0
DisplaySystem.dll	GfxVisualVolGrid	RVisual_t	0x0
DisplaySystem.dll	GfxVisualVolGrid	RRefFrame_t	0x0
DisplaySystem.dll	GfxVisualVolGrid	fun::Serializable_c	0x0
DisplaySystem.dll	GfxVisualVolGrid	.?AV?$SubjectImpl@VRendering@VisualEvents@@@@	0xA4
DisplaySystem.dll	GfxVisualWaterRing	GfxVisual	0x0
DisplaySystem.dll	GfxVisualWaterRing	RVisual_t	0x0
DisplaySystem.dll	GfxVisualWaterRing	RRefFrame_t	0x0
DisplaySystem.dll	GfxVisualWaterRing	fun::Serializable_c	0x0
DisplaySystem.dll	GfxVisualWaterRing	.?AV?$SubjectImpl@VRendering@VisualEvents@@@@	0xA4
DisplaySystem.dll	GroundTextureCreator_t	TextureCreator	0x0
DisplaySystem.dll	GroundTextureCreator_t	fun::Serializable_c	0x0
DisplaySystem.dll	ImpactSplat_t	RVisual_t	0x0
DisplaySystem.dll	ImpactSplat_t	RRefFrame_t	0x0
DisplaySystem.dll	ImpactSplat_t	fun::Serializable_c	0x0
DisplaySystem.dll	ImpactSplat_t	.?AV?$SubjectImpl@VRendering@VisualEvents@@@@	0xA4
DisplaySystem.dll	LineMonitor_t	VisualEnvFXVisualBase_t	0x0
DisplaySystem.dll	LineMonitor_t	RVisual_t	0x0
DisplaySystem.dll	LineMonitor_t	RRefFrame_t	0x0
DisplaySystem.dll	LineMonitor_t	fun::Serializable_c	0x0
DisplaySystem.dll	LineMonitor_t	.?AV?$SubjectImpl@VRendering@VisualEvents@@@@	0xA4
DisplaySystem.dll	ParticleCluster_t	VisualEnvFXVisualBase_t	0x0
DisplaySystem.dll	ParticleCluster_t	RVisual_t	0x0
DisplaySystem.dll	ParticleCluster_t	RRefFrame_t	0x0
DisplaySystem.dll	ParticleCluster_t	fun::Serializable_c	0x0
DisplaySystem.dll	ParticleCluster_t	.?AV?$SubjectImpl@VRendering@VisualEvents@@@@	0xA4
DisplaySystem.dll	PathBlur_t	RVisual_t	0x0
DisplaySystem.dll	PathBlur_t	RRefFrame_t	0x0
DisplaySystem.dll	PathBlur_t	fun::Serializable_c	0x0
DisplaySystem.dll	PathBlur_t	.?AV?$SubjectImpl@VRendering@VisualEvents@@@@	0xA4
DisplaySystem.dll	RLineCollection_t	RVisual_t	0x0
DisplaySystem.dll	RLineCollection_t	RRefFrame_t	0x0
DisplaySystem.dll	RLineCollection_t	fun::Serializable_c	0x0
DisplaySystem.dll	RLineCollection_t	.?AV?$SubjectImpl@VRendering@VisualEvents@@@@	0xA4
DisplaySystem.dll	TextureStreamCreator	TextureCreator	0x0
DisplaySystem.dll	TextureStreamCreator	fun::Serializable_c	0x0
DisplaySystem.dll	VisualAurora_t	VisualEnvFXVisualBase_t	0x0
DisplaySystem.dll	VisualAurora_t	RVisual_t	0x0
DisplaySystem.dll	VisualAurora_t	RRefFrame_t	0x0
DisplaySystem.dll	VisualAurora_t	fun::Serializable_c	0x0
DisplaySystem.dll	VisualAurora_t	.?AV?$SubjectImpl@VRendering@VisualEvents@@@@	0xA4
DisplaySystem.dll	VisualBlackBackdrop_t	VisualEnvFXVisualBase_t	0x0
DisplaySystem.dll	VisualBlackBackdrop_t	RVisual_t	0x0
DisplaySystem.dll	VisualBlackBackdrop_t	RRefFrame_t	0x0
DisplaySystem.dll	VisualBlackBackdrop_t	fun::Serializable_c	0x0
DisplaySystem.dll	VisualBlackBackdrop_t	.?AV?$SubjectImpl@VRendering@VisualEvents@@@@	0xA4
DisplaySystem.dll	VisualBooster_Adjuster_t	VisualEnvFXVisualBase_t	0x0
DisplaySystem.dll	VisualBooster_Adjuster_t	RVisual_t	0x0
DisplaySystem.dll	VisualBooster_Adjuster_t	RRefFrame_t	0x0
DisplaySystem.dll	VisualBooster_Adjuster_t	fun::Serializable_c	0x0
DisplaySystem.dll	VisualBooster_Adjuster_t	.?AV?$SubjectImpl@VRendering@VisualEvents@@@@	0xA4
DisplaySystem.dll	VisualClearScreen_t	VisualEnvFXVisualBase_t	0x0
DisplaySystem.dll	VisualClearScreen_t	RVisual_t	0x0
DisplaySystem.dll	VisualClearScreen_t	RRefFrame_t	0x0
DisplaySystem.dll	VisualClearScreen_t	fun::Serializable_c	0x0
DisplaySystem.dll	VisualClearScreen_t	.?AV?$SubjectImpl@VRendering@VisualEvents@@@@	0xA4
DisplaySystem.dll	VisualCloudlight_t	VisualEnvFXVisualBase_t	0x0
DisplaySystem.dll	VisualCloudlight_t	RVisual_t	0x0
DisplaySystem.dll	VisualCloudlight_t	RRefFrame_t	0x0
DisplaySystem.dll	VisualCloudlight_t	fun::Serializable_c	0x0
DisplaySystem.dll	VisualCloudlight_t	.?AV?$SubjectImpl@VRendering@VisualEvents@@@@	0xA4
DisplaySystem.dll	VisualEnvFXMeshBase_t	RTriMesh_t	0x0
DisplaySystem.dll	VisualEnvFXMeshBase_t	RVisual_t	0x0
DisplaySystem.dll	VisualEnvFXMeshBase_t	RRefFrame_t	0x0
DisplaySystem.dll	VisualEnvFXMeshBase_t	fun::Serializable_c	0x0
DisplaySystem.dll	VisualEnvFXMeshBase_t	.?AV?$SubjectImpl@VRendering@VisualEvents@@@@	0xA4
DisplaySystem.dll	VisualEnvFXVisualBase_t	RVisual_t	0x0
DisplaySystem.dll	VisualEnvFXVisualBase_t	RRefFrame_t	0x0
DisplaySystem.dll	VisualEnvFXVisualBase_t	fun::Serializable_c	0x0
DisplaySystem.dll	VisualEnvFXVisualBase_t	.?AV?$SubjectImpl@VRendering@VisualEvents@@@@	0xA4
DisplaySystem.dll	VisualFallSteam_t	GfxVisual	0x0
DisplaySystem.dll	VisualFallSteam_t	RVisual_t	0x0
DisplaySystem.dll	VisualFallSteam_t	RRefFrame_t	0x0
DisplaySystem.dll	VisualFallSteam_t	fun::Serializable_c	0x0
DisplaySystem.dll	VisualFallSteam_t	.?AV?$SubjectImpl@VRendering@VisualEvents@@@@	0xA4
DisplaySystem.dll	VisualFillSquare_t	VisualEnvFXVisualBase_t	0x0
DisplaySystem.dll	VisualFillSquare_t	RVisual_t	0x0
DisplaySystem.dll	VisualFillSquare_t	RRefFrame_t	0x0
DisplaySystem.dll	VisualFillSquare_t	fun::Serializable_c	0x0
DisplaySystem.dll	VisualFillSquare_t	.?AV?$SubjectImpl@VRendering@VisualEvents@@@@	0xA4
DisplaySystem.dll	VisualGloomySky_t	VisualEnvFXVisualBase_t	0x0
DisplaySystem.dll	VisualGloomySky_t	RVisual_t	0x0
DisplaySystem.dll	VisualGloomySky_t	RRefFrame_t	0x0
DisplaySystem.dll	VisualGloomySky_t	fun::Serializable_c	0x0
DisplaySystem.dll	VisualGloomySky_t	.?AV?$SubjectImpl@VRendering@VisualEvents@@@@	0xA4
DisplaySystem.dll	VisualInfernoGloomySky_t	VisualEnvFXVisualBase_t	0x0
DisplaySystem.dll	VisualInfernoGloomySky_t	RVisual_t	0x0
DisplaySystem.dll	VisualInfernoGloomySky_t	RRefFrame_t	0x0
DisplaySystem.dll	VisualInfernoGloomySky_t	fun::Serializable_c	0x0
DisplaySystem.dll	VisualInfernoGloomySky_t	.?AV?$SubjectImpl@VRendering@VisualEvents@@@@	0xA4
DisplaySystem.dll	VisualLightning_t	VisualEnvFXVisualBase_t	0x0
DisplaySystem.dll	VisualLightning_t	RVisual_t	0x0
DisplaySystem.dll	VisualLightning_t	RRefFrame_t	0x0
DisplaySystem.dll	VisualLightning_t	fun::Serializable_c	0x0
DisplaySystem.dll	VisualLightning_t	.?AV?$SubjectImpl@VRendering@VisualEvents@@@@	0xA4
DisplaySystem.dll	VisualLiquid_t	VisualEnvFXVisualBase_t	0x0
DisplaySystem.dll	VisualLiquid_t	RVisual_t	0x0
DisplaySystem.dll	VisualLiquid_t	RRefFrame_t	0x0
DisplaySystem.dll	VisualLiquid_t	fun::Serializable_c	0x0
DisplaySystem.dll	VisualLiquid_t	.?AV?$SubjectImpl@VRendering@VisualEvents@@@@	0xA4
DisplaySystem.dll	VisualNebula_t	VisualEnvFXMeshBase_t	0x0
DisplaySystem.dll	VisualNebula_t	RTriMesh_t	0x0
DisplaySystem.dll	VisualNebula_t	RVisual_t	0x0
DisplaySystem.dll	VisualNebula_t	RRefFrame_t	0x0
DisplaySystem.dll	VisualNebula_t	fun::Serializable_c	0x0
DisplaySystem.dll	VisualNebula_t	.?AV?$SubjectImpl@VRendering@VisualEvents@@@@	0xA4
DisplaySystem.dll	VisualOccluder_t	VisualEnvFXVisualBase_t	0x0
DisplaySystem.dll	VisualOccluder_t	RVisual_t	0x0
DisplaySystem.dll	VisualOccluder_t	RRefFrame_t	0x0
DisplaySystem.dll	VisualOccluder_t	fun::Serializable_c	0x0
DisplaySystem.dll	VisualOccluder_t	.?AV?$SubjectImpl@VRendering@VisualEvents@@@@	0xA4
DisplaySystem.dll	VisualOffscreen2Refraction_t	VisualEnvFXVisualBase_t	0x0
DisplaySystem.dll	VisualOffscreen2Refraction_t	RVisual_t	0x0
DisplaySystem.dll	VisualOffscreen2Refraction_t	RRefFrame_t	0x0
DisplaySystem.dll	VisualOffscreen2Refraction_t	fun::Serializable_c	0x0
DisplaySystem.dll	VisualOffscreen2Refraction_t	.?AV?$SubjectImpl@VRendering@VisualEvents@@@@	0xA4
DisplaySystem.dll	VisualOffscreen2Screen_t	VisualEnvFXVisualBase_t	0x0
DisplaySystem.dll	VisualOffscreen2Screen_t	RVisual_t	0x0
DisplaySystem.dll	VisualOffscreen2Screen_t	RRefFrame_t	0x0
DisplaySystem.dll	VisualOffscreen2Screen_t	fun::Serializable_c	0x0
DisplaySystem.dll	VisualOffscreen2Screen_t	.?AV?$SubjectImpl@VRendering@VisualEvents@@@@	0xA4
DisplaySystem.dll	VisualPuff_t	VisualEnvFXVisualBase_t	0x0
DisplaySystem.dll	VisualPuff_t	RVisual_t	0x0
DisplaySystem.dll	VisualPuff_t	RRefFrame_t	0x0
DisplaySystem.dll	VisualPuff_t	fun::Serializable_c	0x0
DisplaySystem.dll	VisualPuff_t	.?AV?$SubjectImpl@VRendering@VisualEvents@@@@	0xA4
DisplaySystem.dll	VisualRoom_t	RVisual_t	0x0
DisplaySystem.dll	VisualRoom_t	RRefFrame_t	0x0
DisplaySystem.dll	VisualRoom_t	fun::Serializable_c	0x0
DisplaySystem.dll	VisualRoom_t	.?AV?$SubjectImpl@VRendering@VisualEvents@@@@	0xA4
DisplaySystem.dll	VisualShipLigh_t	VisualEnvFXVisualBase_t	0x0
DisplaySystem.dll	VisualShipLigh_t	RVisual_t	0x0
DisplaySystem.dll	VisualShipLigh_t	RRefFrame_t	0x0
DisplaySystem.dll	VisualShipLigh_t	fun::Serializable_c	0x0
DisplaySystem.dll	VisualShipLigh_t	.?AV?$SubjectImpl@VRendering@VisualEvents@@@@	0xA4
DisplaySystem.dll	VisualShip_City_t	VisualEnvFXMeshBase_t	0x0
DisplaySystem.dll	VisualShip_City_t	RTriMesh_t	0x0
DisplaySystem.dll	VisualShip_City_t	RVisual_t	0x0
DisplaySystem.dll	VisualShip_City_t	RRefFrame_t	0x0
DisplaySystem.dll	VisualShip_City_t	fun::Serializable_c	0x0
DisplaySystem.dll	VisualShip_City_t	.?AV?$SubjectImpl@VRendering@VisualEvents@@@@	0xA4
DisplaySystem.dll	VisualShip_Freighter_t	VisualEnvFXMeshBase_t	0x0
DisplaySystem.dll	VisualShip_Freighter_t	RTriMesh_t	0x0
DisplaySystem.dll	VisualShip_Freighter_t	RVisual_t	0x0
DisplaySystem.dll	VisualShip_Freighter_t	RRefFrame_t	0x0
DisplaySystem.dll	VisualShip_Freighter_t	fun::Serializable_c	0x0
DisplaySystem.dll	VisualShip_Freighter_t	.?AV?$SubjectImpl@VRendering@VisualEvents@@@@	0xA4
DisplaySystem.dll	VisualShip_GroundSnooker_t	VisualEnvFXMeshBase_t	0x0
DisplaySystem.dll	VisualShip_GroundSnooker_t	RTriMesh_t	0x0
DisplaySystem.dll	VisualShip_GroundSnooker_t	RVisual_t	0x0
DisplaySystem.dll	VisualShip_GroundSnooker_t	RRefFrame_t	0x0
DisplaySystem.dll	VisualShip_GroundSnooker_t	fun::Serializable_c	0x0
DisplaySystem.dll	VisualShip_GroundSnooker_t	.?AV?$SubjectImpl@VRendering@VisualEvents@@@@	0xA4
DisplaySystem.dll	VisualShip_Transporter_Small_t	VisualEnvFXMeshBase_t	0x0
DisplaySystem.dll	VisualShip_Transporter_Small_t	RTriMesh_t	0x0
DisplaySystem.dll	VisualShip_Transporter_Small_t	RVisual_t	0x0
DisplaySystem.dll	VisualShip_Transporter_Small_t	RRefFrame_t	0x0
DisplaySystem.dll	VisualShip_Transporter_Small_t	fun::Serializable_c	0x0
DisplaySystem.dll	VisualShip_Transporter_Small_t	.?AV?$SubjectImpl@VRendering@VisualEvents@@@@	0xA4
DisplaySystem.dll	VisualSingleCloud_t	VisualEnvFXVisualBase_t	0x0
DisplaySystem.dll	VisualSingleCloud_t	RVisual_t	0x0
DisplaySystem.dll	VisualSingleCloud_t	RRefFrame_t	0x0
DisplaySystem.dll	VisualSingleCloud_t	fun::Serializable_c	0x0
DisplaySystem.dll	VisualSingleCloud_t	.?AV?$SubjectImpl@VRendering@VisualEvents@@@@	0xA4
DisplaySystem.dll	VisualSkyline_t	VisualEnvFXVisualBase_t	0x0
DisplaySystem.dll	VisualSkyline_t	RVisual_t	0x0
DisplaySystem.dll	VisualSkyline_t	RRefFrame_t	0x0
DisplaySystem.dll	VisualSkyline_t	fun::Serializable_c	0x0
DisplaySystem.dll	VisualSkyline_t	.?AV?$SubjectImpl@VRendering@VisualEvents@@@@	0xA4
DisplaySystem.dll	VisualSoftGloomySky_t	VisualEnvFXVisualBase_t	0x0
DisplaySystem.dll	VisualSoftGloomySky_t	RVisual_t	0x0
DisplaySystem.dll	VisualSoftGloomySky_t	RRefFrame_t	0x0
DisplaySystem.dll	VisualSoftGloomySky_t	fun::Serializable_c	0x0
DisplaySystem.dll	VisualSoftGloomySky_t	.?AV?$SubjectImpl@VRendering@VisualEvents@@@@	0xA4
DisplaySystem.dll	VisualSumonnedCloudLight_t	VisualEnvFXVisualBase_t	0x0
DisplaySystem.dll	VisualSumonnedCloudLight_t	RVisual_t	0x0
DisplaySystem.dll	VisualSumonnedCloudLight_t	RRefFrame_t	0x0
DisplaySystem.dll	VisualSumonnedCloudLight_t	fun::Serializable_c	0x0
DisplaySystem.dll	VisualSumonnedCloudLight_t	.?AV?$SubjectImpl@VRendering@VisualEvents@@@@	0xA4
DisplaySystem.dll	VisualSunRays_t	VisualEnvFXVisualBase_t	0x0
DisplaySystem.dll	VisualSunRays_t	RVisual_t	0x0
DisplaySystem.dll	VisualSunRays_t	RRefFrame_t	0x0
DisplaySystem.dll	VisualSunRays_t	fun::Serializable_c	0x0
DisplaySystem.dll	VisualSunRays_t	.?AV?$SubjectImpl@VRendering@VisualEvents@@@@	0xA4
DisplaySystem.dll	VisualSunRefraction_t	VisualEnvFXVisualBase_t	0x0
DisplaySystem.dll	VisualSunRefraction_t	RVisual_t	0x0
DisplaySystem.dll	VisualSunRefraction_t	RRefFrame_t	0x0
DisplaySystem.dll	VisualSunRefraction_t	fun::Serializable_c	0x0
DisplaySystem.dll	VisualSunRefraction_t	.?AV?$SubjectImpl@VRendering@VisualEvents@@@@	0xA4
DisplaySystem.dll	VisualTinyRock_t	VisualEnvFXMeshBase_t	0x0
DisplaySystem.dll	VisualTinyRock_t	RTriMesh_t	0x0
DisplaySystem.dll	VisualTinyRock_t	RVisual_t	0x0
DisplaySystem.dll	VisualTinyRock_t	RRefFrame_t	0x0
DisplaySystem.dll	VisualTinyRock_t	fun::Serializable_c	0x0
DisplaySystem.dll	VisualTinyRock_t	.?AV?$SubjectImpl@VRendering@VisualEvents@@@@	0xA4
DisplaySystem.dll	VisualVolumeDot_t	VisualEnvFXVisualBase_t	0x0
DisplaySystem.dll	VisualVolumeDot_t	RVisual_t	0x0
DisplaySystem.dll	VisualVolumeDot_t	RRefFrame_t	0x0
DisplaySystem.dll	VisualVolumeDot_t	fun::Serializable_c	0x0
DisplaySystem.dll	VisualVolumeDot_t	.?AV?$SubjectImpl@VRendering@VisualEvents@@@@	0xA4
DisplaySystem.dll	VisualVolumeFog_t	VisualEnvFXVisualBase_t	0x0
DisplaySystem.dll	VisualVolumeFog_t	RVisual_t	0x0
DisplaySystem.dll	VisualVolumeFog_t	RRefFrame_t	0x0
DisplaySystem.dll	VisualVolumeFog_t	fun::Serializable_c	0x0
DisplaySystem.dll	VisualVolumeFog_t	.?AV?$SubjectImpl@VRendering@VisualEvents@@@@	0xA4
DisplaySystem.dll	VisualVolumetricFogSphere_t	VisualEnvFXVisualBase_t	0x0
DisplaySystem.dll	VisualVolumetricFogSphere_t	RVisual_t	0x0
DisplaySystem.dll	VisualVolumetricFogSphere_t	RRefFrame_t	0x0
DisplaySystem.dll	VisualVolumetricFogSphere_t	fun::Serializable_c	0x0
DisplaySystem.dll	VisualVolumetricFogSphere_t	.?AV?$SubjectImpl@VRendering@VisualEvents@@@@	0xA4
DisplaySystem.dll	VisualVortexSkyTop_t	VisualEnvFXMeshBase_t	0x0
DisplaySystem.dll	VisualVortexSkyTop_t	RTriMesh_t	0x0
DisplaySystem.dll	VisualVortexSkyTop_t	RVisual_t	0x0
DisplaySystem.dll	VisualVortexSkyTop_t	RRefFrame_t	0x0
DisplaySystem.dll	VisualVortexSkyTop_t	fun::Serializable_c	0x0
DisplaySystem.dll	VisualVortexSkyTop_t	.?AV?$SubjectImpl@VRendering@VisualEvents@@@@	0xA4
DisplaySystem.dll	VisualVortexSky_t	VisualEnvFXMeshBase_t	0x0
DisplaySystem.dll	VisualVortexSky_t	RTriMesh_t	0x0
DisplaySystem.dll	VisualVortexSky_t	RVisual_t	0x0
DisplaySystem.dll	VisualVortexSky_t	RRefFrame_t	0x0
DisplaySystem.dll	VisualVortexSky_t	fun::Serializable_c	0x0
DisplaySystem.dll	VisualVortexSky_t	.?AV?$SubjectImpl@VRendering@VisualEvents@@@@	0xA4
DisplaySystem.dll	fun::Emmitter_c	RVisual_t	0x0
DisplaySystem.dll	fun::Emmitter_c	RRefFrame_t	0x0
DisplaySystem.dll	fun::Emmitter_c	fun::Serializable_c	0x0
DisplaySystem.dll	fun::Emmitter_c	.?AV?$SubjectImpl@VRendering@VisualEvents@@@@	0xA4
Gamecode.dll	GfxVisualForceSword_t	VisualEnvFXVisualBase_t	0x0
Gamecode.dll	GfxVisualForceSword_t	RVisual_t	0x0
Gamecode.dll	GfxVisualForceSword_t	RRefFrame_t	0x0
Gamecode.dll	GfxVisualForceSword_t	fun::Serializable_c	0x0
Gamecode.dll	GfxVisualForceSword_t	.?AV?$SubjectImpl@VRendering@VisualEvents@@@@	0xA4
Gamecode.dll	VisualEnvFXVisualBase_t	RVisual_t	0x0
Gamecode.dll	VisualEnvFXVisualBase_t	RRefFrame_t	0x0
Gamecode.dll	VisualEnvFXVisualBase_t	fun::Serializable_c	0x0
Gamecode.dll	VisualEnvFXVisualBase_t	.?AV?$SubjectImpl@VRendering@VisualEvents@@@@	0xA4
